bci,cci,inflation_growth_rate,government_reserves,unemployment_rate,industrial_production,long_term_interest,ppi_growth_rate,share_price,short_term_interest,trade_in_goods,qgdp
98.33641,99.99999955321945,3.680446008393078,46876.568370565044,5.869914738124239,19.61584,2.93,-0.9740264,39.72739905646173,5.086949152542373,-24.434713276492083,-0.562677031
97.73941,99.99999955321945,3.680446008393078,46876.568370565044,5.869914738124239,19.50928,2.95,-0.9740264,39.72739905646173,5.086949152542373,-24.434713276492083,-0.562677031
97.09058,99.99999955321945,3.680446008393078,46876.568370565044,5.869914738124239,19.1095,2.87,-0.6493509,39.72739905646173,5.086949152542373,-24.434713276492083,-0.562677031
96.54787,99.99999955321945,3.680446008393078,46876.568370565044,5.869914738124239,18.94961,2.66,-0.3267975,39.72739905646173,5.086949152542373,-24.434713276492083,-1.51394063
96.24596,99.99999955321945,3.680446008393078,46876.568370565044,5.869914738124239,18.4965,2.68,-0.327869,39.72739905646173,5.086949152542373,-24.434713276492083,-1.51394063
96.21149,99.99999955321945,3.680446008393078,46876.568370565044,5.869914738124239,18.04339,2.59,0.331126,39.72739905646173,5.086949152542373,-24.434713276492083,-1.51394063
96.55308,99.99999955321945,3.680446008393078,46876.568370565044,5.869914738124239,17.91016,2.48,0.6600663,39.72739905646173,5.086949152542373,-24.434713276492083,-0.478023888
97.20436,99.99999955321945,3.680446008393078,46876.568370565044,5.869914738124239,17.96349,2.47,0.6622519,39.72739905646173,5.086949152542373,-24.434713276492083,-0.478023888
97.98586,99.99999955321945,3.680446008393078,46876.568370565044,5.869914738124239,17.85683,2.37,0.331126,39.72739905646173,5.086949152542373,-24.434713276492083,-0.478023888
98.69298,99.99999955321945,3.680446008393078,46876.568370565044,5.869914738124239,17.75027,2.29,1.328904,39.72739905646173,5.086949152542373,-24.434713276492083,0.108992196
99.21084,99.99999955321945,3.680446008393078,46876.568370565044,5.869914738124239,17.85683,2.37,0.9933779,39.72739905646173,5.086949152542373,-24.434713276492083,0.108992196
99.47928,99.99999955321945,3.680446008393078,46876.568370565044,5.869914738124239,17.91016,2.38,0.331126,39.72739905646173,5.086949152542373,-24.434713276492083,0.108992196
99.51277,99.99999955321945,3.680446008393078,46876.568370565044,5.869914738124239,17.93683,2.3,0.002885633333333304,39.72739905646173,5.086949152542373,-24.434713276492083,1.129346277
99.58009,99.99999955321945,3.680446008393078,46876.568370565044,5.869914738124239,17.91016,2.36,-0.32535473333333337,39.72739905646173,5.086949152542373,-24.434713276492083,1.129346277
100.0812,99.99999955321945,3.680446008393078,46876.568370565044,5.869914738124239,17.93683,2.38,-0.6535951,39.72739905646173,5.086949152542373,-24.434713276492083,1.129346277
100.7853,99.99999955321945,3.680446008393078,46876.568370565044,5.869914738124239,18.15005,2.43,-0.655738,39.72739905646173,5.086949152542373,-24.434713276492083,1.956688077
101.4278,99.99999955321945,3.680446008393078,46876.568370565044,5.869914738124239,18.44317,2.48,-0.5464483333333334,39.72739905646173,5.086949152542373,-24.434713276492083,1.956688077
102.0589,99.99999955321945,3.680446008393078,46876.568370565044,5.869914738124239,18.68305,2.51,-0.4371586666666667,39.72739905646173,5.086949152542373,-24.434713276492083,1.956688077
102.5359,99.99999955321945,3.680446008393078,46876.568370565044,4.9,19.1095,2.61,-0.327869,39.72739905646173,5.086949152542373,0.2819,2.856234655
103.0123,99.99999955321945,3.680446008393078,46876.568370565044,4.7,19.34938,2.65,0.3289475,39.72739905646173,5.086949152542373,0.3012,2.856234655
103.2814,99.99999955321945,3.680446008393078,46876.568370565044,4.6,19.80239,2.68,0.0005392499999999911,39.72739905646173,5.086949152542373,0.252,2.856234655
103.3754,99.99999955321945,3.680446008393078,46876.568370565044,4.7,20.04228,2.75,-0.327869,39.72739905646173,5.086949152542373,0.211,1.627204957
103.2296,99.99999955321945,3.680446008393078,46876.568370565044,4.3,20.36207,2.76,-0.655738,39.72739905646173,5.086949152542373,0.1936,1.627204957
102.8565,99.99999955321945,3.680446008393078,46876.568370565044,4.2,20.38883,2.78,0.3300332,39.72739905646173,5.086949152542373,0.2421,1.627204957
102.6713,99.99999955321945,3.680446008393078,46876.568370565044,4.0,20.54872,2.9,-0.327869,39.72739905646173,5.086949152542373,0.2708,1.350464288
102.476,99.99999955321945,3.680446008393078,46876.568370565044,4.2,20.52206,2.97,0.16501300000000002,39.72739905646173,5.086949152542373,0.2637,1.350464288
102.2939,99.99999955321945,3.680446008393078,46876.568370565044,4.1,20.65528,2.97,0.657895,39.72739905646173,5.086949152542373,0.2431,1.350464288
102.2515,99.99999955321945,3.680446008393078,46876.568370565044,4.3,21.00173,2.88,0.9900994,39.72739905646173,5.086949152542373,0.2151,0.600328737
102.2228,99.99999955321945,3.680446008393078,46876.568370565044,4.2,21.05506,2.89,0.657895,39.72739905646173,5.086949152542373,0.1698,0.600328737
102.1633,99.99999955321945,3.680446008393078,46876.568370565044,4.2,21.13506,2.96,0.9900994,39.72739905646173,5.086949152542373,0.2553,0.600328737
101.7571,99.99999955321945,0.3745318,46876.568370565044,4.0,21.26829,2.9,0.9868426,39.72739905646173,5.086949152542373,0.2437,-0.388380468
101.2835,99.99999955321945,0.3745318,46876.568370565044,3.9,21.08173,2.84,0.983607,39.72739905646173,5.086949152542373,0.2274,-0.388380468
100.8133,99.99999955321945,0.3745318,46876.568370565044,4.2,21.08173,2.96,1.980199,39.72739905646173,5.086949152542373,0.3133,-0.388380468
100.2339,99.99999955321945,0.7490637,46876.568370565044,4.0,21.24162,3.18,1.973685,39.72739905646173,5.086949152542373,0.3753,0.826319427
99.49592,99.99999955321945,1.123595,46876.568370565044,4.3,21.05506,3.07,2.970298,39.72739905646173,5.086949152542373,0.3736,0.826319427
98.9009,99.99999955321945,1.872659,46876.568370565044,4.3,20.86851,3.0,2.960528,39.72739905646173,5.086949152542373,0.3729,0.826319427
98.7865,99.99999955321945,2.238806,46876.568370565044,4.4,20.22884,3.11,2.960528,39.72739905646173,5.086949152542373,0.3489,-0.089839593
99.33712,99.99999955321945,1.865672,46876.568370565044,4.1,21.05506,3.33,2.950821,39.72739905646173,5.086949152542373,0.3892,-0.089839593
99.91422,99.99999955321945,1.858736,46876.568370565044,3.9,21.53484,3.38,3.594769,39.72739905646173,5.086949152542373,0.4548,-0.089839593
100.1413,99.99999955321945,2.230483,46876.568370565044,3.9,21.72139,3.34,3.921567,39.72739905646173,5.086949152542373,0.4544,1.645864038
100.2229,99.99999955321945,2.230483,46876.568370565044,4.3,21.53484,3.49,4.248364,39.72739905646173,5.086949152542373,0.3903,1.645864038
100.0905,99.99999955321945,2.985075,46876.568370565044,4.2,21.85462,3.59,4.248364,39.72739905646173,5.086949152542373,0.7854,1.645864038
99.83589,99.99999955321945,2.985075,46876.568370565044,4.2,21.77472,3.46,4.560259,2.534246,5.086949152542373,0.5958,0.640291153
99.32855,99.99999955321945,3.358209,46876.568370565044,3.9,21.98795,3.34,4.545453,2.433548,5.086949152542373,0.5213,0.640291153
98.67164,99.99999955321945,3.731343,46876.568370565044,3.7,21.96128,3.41,3.883493,2.46152,5.086949152542373,0.7628,0.640291153
98.12689,99.99999955321945,3.717472,46876.568370565044,3.9,21.66806,3.48,4.193547,2.528652,5.086949152542373,0.6388,-0.219085924
97.98733,99.99999955321945,3.703704,46876.568370565044,4.1,21.58807,3.6,3.525639,2.612568,5.086949152542373,0.4996,-0.219085924
98.13611,99.99999955321945,3.308824,46876.568370565044,4.3,21.6414,3.8,3.514375,2.634945,5.086949152542373,0.6158,-0.219085924
98.25333,99.99999955321945,3.284672,46876.568370565044,4.2,21.77472,3.93,4.153353,2.6797,5.086949152542373,0.5059,0.980018402
98.22737,99.99999955321945,3.663004,46876.568370565044,4.1,21.77472,3.93,3.821654,2.545435,5.086949152542373,0.5176,0.980018402
97.99289,99.99999955321945,3.284672,46876.568370565044,4.4,21.58817,3.92,3.154576,2.455925,5.086949152542373,0.5309,0.980018402
97.46716,99.99999955321945,2.909091,46876.568370565044,4.5,21.26829,3.97,2.83019,2.310472,5.086949152542373,0.4603,-1.034279655
96.89653,99.99999955321945,3.272727,46876.568370565044,5.1,20.76194,3.72,3.134798,2.276906,5.086949152542373,0.4683,-1.034279655
96.32915,99.99999955321945,2.898551,46876.568370565044,5.2,20.36207,3.21,3.448277,2.276906,5.086949152542373,0.4133,-1.034279655
96.02869,99.99999955321945,3.623188,46876.568370565044,5.8,19.98895,3.09,3.426793,2.321661,5.086949152542373,0.3701,-2.595440045
96.23515,99.99999955321945,3.249098,46876.568370565044,6.4,19.56261,3.05,3.105592,2.316066,5.086949152542373,0.2999,-2.595440045
96.70348,99.99999955321945,3.597122,46876.568370565044,6.7,19.32272,2.98,4.049846,2.344038,5.086949152542373,0.3342,-2.595440045
97.34856,99.99999955321945,3.584229,46876.568370565044,7.4,19.00284,2.88,2.786379,2.327255,5.086949152542373,0.3132,0.657226726
98.35947,99.99999955321945,3.214286,46876.568370565044,7.4,19.18939,2.92,2.786379,2.399982,5.086949152542373,0.3124,0.657226726
99.39749,99.99999955321945,2.846975,46876.568370565044,7.3,19.69583,2.97,2.469137,2.46152,5.086949152542373,0.3002,0.657226726
100.2657,99.99999955321945,2.473498,46876.568370565044,7.5,19.98895,3.2,1.840492,2.545435,5.086949152542373,0.3379,2.313217041
100.9465,99.99999955321945,2.120141,46876.568370565044,7.4,20.38873,3.54,1.840492,2.646134,5.086949152542373,0.3185,2.313217041
101.4726,99.99999955321945,2.120141,46876.568370565044,7.1,20.57539,3.76,1.529053,2.71886,5.086949152542373,0.2712,2.313217041
101.8289,99.99999955321945,2.120141,46876.568370565044,6.7,20.81518,3.8,1.529053,2.813965,5.086949152542373,0.2579,2.33810956
101.9867,99.99999955321945,2.112676,46876.568370565044,6.2,21.42818,3.74,0.9118545,2.903475,5.086949152542373,0.2452,2.33810956
102.1073,99.99999955321945,1.760563,46876.568370565044,6.2,21.45484,3.86,0.3030304,2.953824,5.086949152542373,0.1998,2.33810956
102.474,99.99999955321945,1.398601,46876.568370565044,6.0,21.77472,4.02,0.0024193666666666447,3.088089,5.086949152542373,0.1476,1.919552804
102.8782,99.99999955321945,1.048951,46876.568370565044,5.9,22.20107,3.96,-0.2981916666666667,3.0769,5.086949152542373,0.055,1.919552804
103.1272,99.99999955321945,0.3472222,46876.568370565044,5.6,22.52095,3.99,-0.5988027,3.172004,5.086949152542373,0.1058,1.919552804
103.1994,99.99999955321945,0.3460208,46876.568370565044,5.2,23.00063,4.12,-0.49960343333333335,3.216759,5.086949152542373,0.0869,2.255169531
103.0407,99.99999955321945,0.3460208,46876.568370565044,5.1,23.34718,4.31,-0.40040416666666667,3.289485,5.086949152542373,-0.0097,2.255169531
102.4472,99.99999955321945,0.6920415,46876.568370565044,5.0,23.37384,4.34,-0.3012049,3.289485,5.086949152542373,0.0555,2.255169531
101.515,99.99999955321945,0.6896552,46876.568370565044,5.1,22.81407,4.4,-0.3012049,3.451722,5.086949152542373,0.17,0.070560341
100.383,99.99999955321945,1.038062,46876.568370565044,5.2,22.04118,4.43,-0.6024099,3.440533,5.086949152542373,0.1432,0.070560341
99.51455,99.99999955321945,1.384083,46876.568370565044,5.5,22.01451,4.68,0.6024099,3.311863,5.086949152542373,0.1172,0.070560341
99.39569,99.99999955321945,1.730104,46876.568370565044,5.7,21.85462,4.53,-0.3012049,3.323052,5.086949152542373,0.144,0.284889055
99.88017,99.99999955321945,1.37931,46876.568370565044,5.8,21.98795,4.53,-0.6024099,3.367807,5.086949152542373,0.0848,0.284889055
100.6219,99.99999955321945,1.730104,46876.568370565044,5.3,23.34718,4.69,-0.3021149,3.496477,5.086949152542373,0.1407,0.284889055
100.792,101.642,1.034483,21478.0,5.2,23.96018,4.72,-0.3016599,3.418156,5.086949152542373,0.2879,2.247714292
100.0401,101.3791,1.730104,21396.0,4.8,23.74695,4.49,-0.3012049,3.255919,5.086949152542373,0.2016,2.247714292
99.06373,101.1521,1.730104,21345.0,5.4,23.53373,4.25,0.6024099,3.20557,5.086949152542373,0.2499,2.247714292
98.29862,101.0268,1.724138,21278.0,5.2,23.34718,4.28,0.6024099,3.233542,5.086949152542373,0.2743,-0.539073361
97.88692,101.0584,1.724138,21234.0,5.1,23.32051,4.35,0.3012049,3.20557,5.086949152542373,0.3662,-0.539073361
97.8821,101.1479,1.718213,21170.0,5.4,23.02729,4.15,0.6042299,3.356618,5.086949152542373,0.3679,-0.539073361
98.05575,101.1669,1.369863,20999.0,5.5,22.9474,3.9,1.20846,3.261514,5.086949152542373,0.4432,0.48942128
98.30569,101.0239,1.369863,20803.0,5.6,22.92073,3.8,1.212122,3.255919,5.086949152542373,0.4146,0.48942128
98.32546,100.8022,1.023891,20430.0,5.5,22.68084,3.8,1.512406,3.11606,5.086949152542373,0.4514,0.48942128
98.22823,100.6182,1.360544,20068.0,6.1,22.65418,3.89,1.81269,3.037739,5.086949152542373,0.4881,-1.283403329
98.03403,100.5585,1.360544,19558.0,6.1,22.33439,3.93,2.121213,3.132843,5.086949152542373,0.5116,-1.283403329
97.90157,100.58,1.360544,19359.0,6.6,21.90795,3.84,1.818183,3.177598,5.086949152542373,0.489,-1.283403329
97.94138,100.6295,1.706485,19056.0,6.6,21.93462,3.84,1.506025,3.29508,5.086949152542373,0.4687,0.67490454
98.34831,100.6823,1.360544,18978.0,6.9,21.90795,3.78,1.81269,3.390184,5.086949152542373,0.5541,0.67490454
99.27218,100.7525,1.360544,18988.0,6.9,22.04118,3.74,0.5988027,3.496477,5.086949152542373,0.591,0.67490454
100.3435,100.8767,1.016949,19165.0,7.0,22.49429,3.78,-0.2994013,3.569204,5.086949152542373,0.4791,1.697434269
100.9821,101.0795,1.016949,19197.0,7.1,22.84074,3.71,-0.3003004,3.613959,5.086949152542373,0.4153,1.697434269
101.2301,101.2853,0.6756757,19308.0,6.9,23.16062,3.88,-0.3003004,3.60277,5.086949152542373,0.4414,1.697434269
101.4048,101.3841,1.351351,19235.0,7.0,23.42707,3.92,-0.5970152,3.597176,5.086949152542373,0.3385,1.919586999
101.6712,101.2939,1.013514,19642.0,6.6,23.64029,4.04,-0.44820825,3.742629,5.086949152542373,0.4518,1.919586999
101.8898,101.1303,1.351351,19521.0,6.7,23.61373,3.98,-0.2994013,3.703468,5.086949152542373,0.403,1.919586999
101.9104,101.0482,0.671141,19172.0,6.5,24.06674,3.92,-1.186944,3.664308,5.086949152542373,0.5103,1.961098063
101.869,101.1574,0.671141,18828.0,6.1,24.43985,3.94,-0.8902081,3.776195,5.086949152542373,0.4334,1.961098063
101.9876,101.3559,0.671141,18753.0,6.0,24.65307,4.06,-0.5952383,3.798573,5.086949152542373,0.375,1.961098063
101.8989,101.4976,0.671141,18650.0,5.8,24.43985,4.08,-0.296736,3.675497,5.086949152542373,0.3474,1.783648811
101.6926,101.4698,1.006711,18512.0,5.5,24.83963,4.04,-0.296736,3.709063,5.086949152542373,0.4941,1.783648811
101.2648,101.3278,1.006711,18329.0,5.6,24.97296,3.93,-0.2976192,3.720252,5.086949152542373,0.3245,1.783648811
100.5692,101.1428,1.342282,18192.0,5.6,25.02619,3.84,0.3003004,3.597176,5.086949152542373,0.4361,0.903663823
99.93292,100.9633,1.342282,18125.0,5.5,24.99952,3.87,0.3012049,3.356618,5.086949152542373,0.3683,0.903663823
99.51949,100.8201,1.342282,18490.0,5.5,24.94629,3.91,0.3012049,2.981796,5.086949152542373,0.5227,0.903663823
99.31556,100.7537,1.0,17784.0,5.4,25.18608,4.01,0.3003004,3.032145,5.086949152542373,0.4087,1.228513048
99.2306,100.805,1.337793,17638.0,5.7,25.21275,3.98,0.2994013,3.138438,5.086949152542373,0.3617,1.228513048
99.34564,100.9298,1.333333,17610.0,5.6,25.37274,3.98,1.501502,3.110466,5.086949152542373,0.4191,1.228513048
99.66213,101.0835,1.333333,17436.0,5.4,25.3994,3.93,0.9009013,3.026551,5.086949152542373,0.2258,0.328901576
100.0989,101.2328,1.333333,17286.0,5.7,25.50596,3.92,0.5988027,3.278297,5.086949152542373,0.2978,0.328901576
100.4447,101.3377,1.333333,17220.0,5.5,25.50596,3.86,0.2994013,3.378995,5.086949152542373,0.4309,0.328901576
100.5037,101.3388,1.333333,17178.0,5.7,25.69252,3.83,-0.2976192,3.502071,5.086949152542373,-0.1013,1.091574332
100.5117,101.1879,0.9966778,17114.0,5.9,25.98574,3.92,-0.5952383,3.541232,5.086949152542373,0.6324,1.091574332
100.6287,100.9841,1.328904,17189.0,5.7,26.14563,3.93,-0.5970152,3.51326,5.086949152542373,0.4691,1.091574332
100.9091,100.8553,0.9933775,17140.0,5.7,26.38552,3.97,-0.5988027,3.686685,5.086949152542373,0.515,1.122121453
101.0946,100.8945,0.9933775,17114.0,5.9,26.7053,3.93,-0.14925115,3.753818,5.086949152542373,0.4896,1.122121453
100.9835,101.0197,1.324503,17065.0,5.6,26.7853,3.99,0.3003004,3.748223,5.086949152542373,0.405,1.122121453
100.7387,101.1234,1.320132,16815.0,5.6,26.67863,4.02,0.2994013,3.653119,5.086949152542373,0.3925,2.198434459
100.6396,101.1352,1.320132,16774.0,5.4,26.73196,4.0,-0.2985076,3.720252,5.086949152542373,0.405,2.198434459
100.7226,101.1066,0.9868421,16838.0,5.5,26.99842,4.08,-1.183432,3.848922,5.086949152542373,0.4998,2.198434459
100.79,101.1191,1.315789,16948.0,5.5,27.18507,4.11,-0.2976192,3.893677,5.086949152542373,0.4839,0.655602437
100.7308,101.2325,1.315789,16817.0,5.7,27.3183,4.12,-0.2976192,3.871299,5.086949152542373,0.487,0.655602437
100.632,101.3925,1.644737,16843.0,5.5,27.26497,4.13,-0.2985076,3.960809,5.086949152542373,0.571,0.655602437
100.7938,101.5216,1.644737,16881.0,5.6,27.50486,4.17,0.2985076,4.050319,5.086949152542373,0.6313,2.108252099
101.0432,101.5629,1.644737,16770.0,5.4,27.69141,4.15,0.2994013,4.134234,5.086949152542373,0.6142,2.108252099
101.2674,101.5558,1.311475,16894.0,5.4,27.69141,4.22,0.3003004,4.234933,5.086949152542373,0.5492,2.108252099
101.3439,101.5547,1.311475,16899.0,5.3,28.14452,4.23,0.6024099,4.279688,5.086949152542373,0.5557,1.08873369
101.4308,101.5952,1.311475,16855.0,5.1,28.30442,4.2,0.3003004,4.290876,5.086949152542373,0.5417,1.08873369
101.6671,101.6563,1.30719,16591.0,5.2,28.38441,4.17,0.2994013,4.262905,3.86,0.5559,1.08873369
101.9729,101.703,1.302932,16629.0,4.9,28.57097,4.19,0.2985076,4.415434,3.87,0.542,1.562300666
102.1277,101.71,0.9771987,16690.0,5.0,28.75752,4.19,0.5988027,4.367893,3.85,0.5103,1.562300666
102.0913,101.6988,1.302932,16521.0,5.1,28.86409,4.2,0.5988027,4.448119,3.87,0.6783,1.562300666
101.9388,101.7027,0.974026,16386.0,5.1,28.46431,4.19,0.2985076,4.532308,3.94,0.5997,0.308871858
101.897,101.7499,1.298701,17015.0,4.8,29.34386,4.15,0.2985076,4.564002,3.99,0.4953,0.308871858
101.9146,101.8317,0.9708738,16672.0,5.0,29.69031,4.18,0.5988027,4.482785,4.14,0.7388,0.308871858
101.95,101.9393,0.9708738,16343.0,4.9,30.01009,4.19,0.2976192,4.588763,4.13,0.0285,2.419751879
102.0885,102.0663,0.9708738,15995.0,5.1,30.19675,4.21,0.5970152,4.628381,4.19,0.0166,2.419751879
102.1931,102.1848,1.294498,15829.0,4.7,30.59653,4.21,0.898204,4.633334,4.27,0.8781,2.419751879
102.0126,102.2549,1.618123,15592.0,4.8,30.72976,4.2,1.497007,4.693751,4.28,0.595,1.263298249
101.7043,102.2422,1.618123,15420.0,4.6,30.96964,4.21,1.796408,4.755159,4.32,0.5026,1.263298249
101.3645,102.1838,1.935484,15762.0,4.6,31.20953,4.21,2.08955,4.513489,4.31,0.3865,1.263298249
101.1802,102.1212,1.607717,15565.0,4.4,31.50265,4.2,1.785712,4.499623,4.29,0.5577,2.223252282
101.1865,102.0785,1.935484,15850.0,4.4,31.63588,4.25,1.785712,4.591735,4.3,0.5036,2.223252282
101.316,102.0446,1.607717,15721.0,4.3,31.71587,4.29,2.083331,4.749217,4.34,0.4333,2.223252282
101.3927,101.9965,1.92926,15639.0,4.2,32.03575,4.35,2.38095,4.858166,4.46,0.4645,2.304040466
101.6523,101.9125,1.602564,15548.0,4.1,32.16898,4.45,2.67857,4.895803,4.49,0.4375,2.304040466
102.128,101.8007,1.923077,15450.0,4.0,32.56876,4.62,3.273808,4.914622,4.75,0.4512,2.304040466
102.5696,101.6666,1.923077,15225.0,4.0,32.88854,4.61,3.264093,5.007379,4.95,0.3324,2.434228759
102.73,101.5088,2.564103,14962.0,3.8,33.10176,4.83,3.857565,4.986718,5.05,0.3394,2.434228759
102.5958,101.3373,2.555911,15026.0,3.8,33.55487,4.87,3.857565,4.781682,5.19,0.4804,2.434228759
102.1597,101.1586,2.866242,14914.0,3.8,33.6082,4.75,3.244836,4.912283,5.26,0.226,0.341601962
101.5992,100.9753,2.866242,14905.0,3.9,33.92799,4.78,2.941175,4.641294,5.38,0.355,0.341601962
101.3767,100.7927,2.531646,14958.0,3.8,34.08788,4.81,2.339182,4.615734,5.5,0.3826,0.341601962
101.3439,100.6213,2.848101,15148.0,3.8,34.27444,5.02,2.923978,4.60216,5.62,0.2528,0.846905052
101.2554,100.4799,3.481013,15015.0,3.8,34.3011,5.22,3.508774,4.329972,5.72,0.3227,0.846905052
101.0929,100.3862,3.481013,14876.0,3.7,34.62098,5.18,3.790089,4.158504,5.86,0.2142,0.846905052
100.75,100.3826,3.785489,14879.0,3.7,34.86077,5.01,3.197676,4.109592,5.83,0.3132,0.820407109
100.2402,100.5132,3.785489,14715.0,3.6,34.62088,5.16,2.898552,4.330366,5.79,0.2959,0.820407109
99.70287,100.7118,3.45912,14882.0,3.8,34.70088,4.84,2.017292,4.372814,5.65,0.2214,0.820407109
99.12962,100.9032,3.45912,14196.0,3.9,34.86454,4.58,2.011495,4.557863,5.4,0.3222,0.885552587
98.60984,101.037,2.8125,13997.0,3.8,34.46912,4.63,1.142858,4.733288,5.18,0.3661,0.885552587
98.16474,101.1286,2.803738,13854.0,3.8,34.27483,4.54,0.8571432,4.854181,5.01,0.359,0.885552587
97.93098,101.1972,2.47678,13906.0,3.8,34.59809,4.59,0.5714288,4.943822,4.43,0.41,0.061297813
98.09047,101.2466,2.786378,13942.0,3.8,34.29625,4.85,1.142858,5.050295,4.49,0.4315,0.061297813
98.54394,101.2685,2.777778,14274.0,3.9,34.29198,5.02,2.000001,5.005238,4.66,0.3981,0.061297813
99.13239,101.2372,2.769231,14223.0,3.8,34.21387,5.16,1.704546,5.117102,5.0,0.3566,0.946120917
99.69896,101.1319,2.446483,14605.0,3.8,34.8694,5.28,0.847458,5.195627,4.93,0.4206,0.946120917
100.1054,101.0118,2.752294,14648.0,3.8,34.81279,5.3,0.561798,5.271365,4.91,0.3994,0.946120917
100.2705,100.9574,2.431611,14927.0,4.0,35.0963,5.48,0.8450708,5.261735,5.22,0.1609,0.754017127
100.3685,101.026,2.735562,15437.0,3.9,35.59828,5.75,0.8450708,5.090616,5.4,0.2748,0.754017127
100.4851,101.1424,3.039514,14830.0,3.8,35.9816,5.7,1.694916,5.254071,5.62,0.1841,0.754017127
100.5415,101.2025,3.647416,14620.0,3.7,35.94294,5.53,1.690142,5.271944,5.48,0.1275,2.039507129
100.4914,101.1285,3.951368,14790.0,3.8,36.07171,5.56,2.542374,5.018927,5.33,0.1835,2.039507129
100.4893,100.9818,3.939394,13927.0,3.7,36.18431,5.74,2.832862,4.899619,5.58,-0.1498,2.039507129
100.5812,100.8444,3.927492,13840.0,3.5,36.23666,5.64,3.125001,5.271408,5.78,0.2514,1.67079955
100.4387,100.7732,3.915663,14348.0,3.5,36.64317,5.87,3.107343,5.432116,6.14,-0.0149,1.67079955
100.2076,100.7453,4.204204,14063.0,3.7,36.77779,5.72,2.801119,5.608871,6.12,0.0777,1.67079955
100.0453,100.7294,4.491018,14366.0,3.7,36.72139,5.5,2.793294,5.586795,6.03,0.1329,0.774955663
99.94923,100.7134,4.477612,14427.0,3.5,36.82388,5.42,2.801119,5.450272,5.85,0.0776,0.774955663
100.0531,100.7208,4.464286,14634.0,3.4,36.96336,5.46,3.072624,5.625068,5.78,0.2605,0.774955663
100.4095,100.7978,4.747775,14427.0,3.4,37.03671,5.58,3.072624,5.775299,5.9,-0.1049,0.393320041
100.6841,100.9788,4.733728,15660.0,3.4,37.51579,5.7,3.631284,5.886394,6.05,0.0893,0.393320041
100.6957,101.1807,4.719764,15710.0,3.4,37.63425,6.03,3.055554,5.973374,6.27,0.0698,0.393320041
100.6569,101.2825,4.398827,15454.0,3.4,37.86194,6.04,3.324098,5.725548,6.5,0.1591,1.565115509
100.7144,101.1839,4.678362,15499.0,3.4,38.10421,6.19,2.754819,5.677547,6.52,-0.4058,1.565115509
100.719,100.9632,5.247813,15758.0,3.4,38.40298,6.3,3.305784,5.514977,6.65,0.2064,1.565115509
100.6382,100.7083,5.523256,15947.0,3.4,38.26172,6.17,3.305784,5.605755,6.84,0.1357,0.303995321
100.5748,100.4686,5.507246,16070.0,3.4,38.11709,6.32,3.561646,5.793253,7.28,0.0112,0.303995321
100.4214,100.2419,5.475504,16057.0,3.5,38.48951,6.57,3.542236,5.46613,8.01,0.0272,0.303995321
100.2602,100.0094,5.444126,15936.0,3.5,38.69262,6.72,3.80435,5.189364,8.69,0.1084,0.660514205
100.2471,99.75871,5.714286,16195.0,3.5,38.78154,6.69,3.814716,5.158938,8.38,0.2035,0.660514205
100.2356,99.51151,5.698006,16743.0,3.7,38.77282,7.16,3.523037,5.185778,8.47,0.2625,0.660514205
100.1707,99.30638,5.665722,16316.0,3.7,38.78422,7.1,4.065042,5.275016,8.56,0.1499,-0.487694588
99.94347,99.17744,5.932203,16000.0,3.5,38.41864,7.14,4.312667,5.332546,8.46,0.2176,-0.487694588
99.56818,99.09123,6.197183,16964.0,3.5,38.31554,7.65,4.851751,5.038553,8.77,0.2017,-0.487694588
99.09557,99.01157,6.179775,17396.0,3.9,37.606,7.79,4.825737,5.003093,8.91,0.1832,-0.148470701
98.71941,98.92166,6.145251,17670.0,4.2,37.58121,7.24,4.825737,4.828743,8.58,0.2672,-0.148470701
98.50969,98.83971,5.817174,17350.0,4.4,37.53244,7.07,4.533332,4.897915,8.08,0.1558,-0.148470701
98.49749,98.80067,6.060606,16918.0,4.6,37.43589,7.39,3.999999,4.705036,7.51,0.148,0.141930001
98.77269,98.83009,6.043956,16165.0,4.8,37.39228,7.91,3.439152,4.124212,8.08,0.3236,0.141930001
99.0704,98.87502,6.010929,16328.0,4.9,37.27134,7.84,3.157893,4.087809,8.07,0.4617,0.141930001
98.98876,98.86267,5.978261,16065.0,5.0,37.36283,7.46,3.14136,4.074982,8.01,0.4497,0.92155083
98.56503,98.74365,5.405406,15795.0,5.1,37.29622,7.53,2.887138,4.186646,7.72,0.2453,0.92155083
97.9987,98.59235,5.660378,15528.0,5.4,37.03919,7.39,3.14136,4.466088,7.3,0.1297,0.92155083
97.58237,98.51775,5.630027,15120.0,5.5,36.29821,7.33,2.864582,4.560902,6.76,0.1896,-1.071638106
97.551,98.60647,5.6,14890.0,5.9,36.07835,6.84,2.583981,4.539128,6.08,0.0714,-1.071638106
98.11739,98.7891,5.570292,14487.0,6.1,36.90695,6.39,2.056556,4.852874,5.67,0.1677,-1.071638106
98.89858,98.97977,5.291005,14699.0,5.9,37.19085,6.24,2.301791,5.07919,5.09,0.0024,2.715992789
99.62659,99.1218,5.0,14534.0,5.9,37.11998,6.11,2.813301,5.29002,4.38,0.1301,2.715992789
99.92737,99.22529,4.712042,14341.0,6.0,37.07973,5.7,2.806124,5.436094,3.85,0.1603,2.715992789
100.1388,99.3092,4.155844,14307.0,5.9,37.28799,5.83,3.333335,5.625946,4.45,-0.1428,0.54112008
100.2035,99.38196,4.404145,13810.0,5.9,37.47723,6.39,3.580564,5.545519,4.98,-0.1613,0.54112008
100.1963,99.44165,4.639175,13504.0,5.9,37.63435,6.52,3.57143,5.452541,5.4,-0.3646,0.54112008
100.1928,99.47936,4.358974,13282.0,6.0,37.52511,6.73,3.045687,5.42943,5.75,-0.2593,0.822967085
100.187,99.49557,4.615385,12128.0,6.1,37.30732,6.58,3.826532,5.321332,5.74,-0.2468,0.822967085
100.2287,99.53855,4.081633,12130.0,6.0,37.91368,6.14,3.045687,5.441507,5.63,0.3078,0.822967085
100.2508,99.68412,3.807106,12146.0,5.8,38.19749,5.93,2.784811,5.324319,5.27,-0.8001,0.235783839
100.3629,99.98868,3.282828,12130.0,6.0,38.35956,5.81,2.518893,5.067212,4.87,-0.2603,0.235783839
100.8073,100.3396,3.266332,12148.0,6.0,38.80236,5.93,3.274561,5.422477,4.65,-0.2882,0.235783839
101.2421,100.5833,3.266332,12857.0,5.8,39.73237,5.95,2.999999,5.663243,3.95,-0.3613,1.838958884
101.4835,100.6067,3.508772,12308.0,5.7,40.13155,6.08,2.985073,5.787961,3.61,-0.6489,1.838958884
101.5201,100.526,3.5,12253.0,5.8,40.41585,6.07,2.729527,5.938244,4.08,-0.6468,1.838958884
101.4949,100.4955,3.491272,12251.0,5.7,40.81642,6.19,2.481388,6.006318,4.6,-0.5964,2.269772354
101.4894,100.6195,3.225806,12291.0,5.7,40.81969,6.13,2.469134,5.924429,4.41,-0.6041,2.269772354
101.4372,100.815,2.70936,12285.0,5.7,40.92596,6.11,2.709358,5.929423,4.64,-0.4967,2.269772354
101.6001,100.952,2.948403,12056.0,5.6,40.88739,6.11,3.448275,5.8638,4.82,-0.491,0.944381888
101.9922,100.9221,2.941176,12087.0,5.6,41.45222,6.21,3.194102,6.047339,4.85,-0.5347,0.944381888
102.5539,100.7664,3.186275,12173.0,5.5,41.76962,6.55,3.69458,5.94715,5.13,-0.4358,0.944381888
103.1179,100.5241,3.422983,12261.0,5.6,42.30798,6.48,3.201969,5.941314,5.25,-0.426,1.674458738
103.6091,100.2092,3.667482,12256.0,5.3,42.80679,6.28,3.685503,6.237797,5.22,-0.6798,1.674458738
103.907,99.87138,3.406326,12112.0,5.2,43.28775,6.36,3.902438,6.363502,5.43,-0.4491,1.674458738
104.0035,99.55957,3.649635,12023.0,4.9,43.60337,6.46,4.611652,6.37602,5.81,-0.2886,2.474806377
103.84,99.30663,3.874092,11904.0,5.0,44.23788,6.64,5.555555,6.092156,6.34,-0.4128,2.474806377
103.569,99.08902,4.589372,11909.0,4.9,44.25414,6.71,7.246377,5.956482,7.05,-0.1025,2.474806377
103.1579,98.88342,5.060241,11885.0,5.0,44.18872,6.67,8.232447,5.809699,7.31,0.1334,1.08866253
102.6597,98.68812,5.528846,11895.0,4.9,44.48085,6.85,8.433736,5.619145,7.55,-0.142,1.08866253
102.1983,98.53239,5.995204,11894.0,4.9,44.53467,6.9,8.872903,5.460078,8.16,-0.0472,1.08866253
101.8172,98.47156,5.727923,11898.0,4.8,44.69843,7.13,8.333335,5.558031,9.7,0.0366,-0.525898536
101.9855,98.54243,7.380952,11902.0,4.8,44.63737,7.4,11.90476,5.47903,10.77,0.0315,-0.525898536
102.3658,98.62395,7.36342,11906.0,4.8,44.99492,7.09,11.1639,5.615889,10.59,0.776,-0.525898536
102.7442,98.54649,7.801418,11910.0,4.6,45.35475,6.79,11.69451,5.869773,9.2,0.5891,0.949216043
102.8283,98.19061,8.254717,11914.0,4.8,45.55935,6.73,11.37441,5.406132,9.24,0.1945,0.949216043
102.4748,97.74464,8.705882,11919.0,4.9,45.43197,6.74,11.73709,4.990267,9.27,0.6576,0.949216043
102.0304,97.472,9.389671,12074.0,5.1,45.13221,6.99,13.68909,5.089559,9.0,0.1315,-0.859772574
101.6775,97.56828,10.02331,12138.0,5.2,45.00186,6.96,14.18764,4.952109,8.08,-0.333,-0.859772574
101.5421,97.84531,10.39261,12093.0,5.1,44.99442,7.21,13.06306,5.164505,8.84,-0.6854,-0.859772574
101.2629,98.04732,10.09174,12138.0,5.1,44.85793,7.51,13.1991,4.873208,10.25,-0.5312,0.237683227
100.8432,97.98638,10.70615,12326.0,5.1,45.22023,7.58,13.77778,4.688923,11.2,-1.2688,0.237683227
100.5048,97.75298,10.85973,12390.0,5.4,45.13786,7.54,12.99559,4.667977,11.38,-0.94,0.237683227
100.1664,97.46848,11.51241,12369.0,5.5,45.22132,7.81,16.04395,4.284795,12.25,-1.3049,-0.945142778
99.55813,97.21023,10.86475,12874.0,5.5,44.747,8.04,14.25532,3.94705,12.23,-1.6204,-0.945142778
98.58218,96.98768,11.9469,13232.0,5.9,44.75335,8.04,15.81197,3.534503,11.6,-0.9722,-0.945142778
97.49548,96.80436,12.0614,13205.0,6.0,44.61338,7.9,18.16239,3.626133,9.78,-0.7786,-0.388140783
96.38441,96.68423,12.20044,13128.0,6.6,43.14223,7.68,19.57447,3.761538,9.09,-0.6826,-0.388140783
95.46728,96.65871,12.33766,13115.0,7.2,41.5909,7.43,18.27731,3.506448,9.23,-1.0809,-0.388140783
95.12989,96.81081,11.80258,13126.0,8.1,41.01537,7.5,15.91837,3.818399,7.48,-1.0931,-1.217285876
95.27428,97.22442,11.22881,13212.0,8.1,40.07872,7.39,13.82765,4.206449,6.41,0.2834,-1.217285876
95.61133,97.75625,10.25105,13349.0,8.6,39.64276,7.73,12.749,4.392218,6.18,0.6715,-1.217285876
96.34529,98.23089,10.20833,13308.0,8.8,39.71621,8.23,12.64822,4.447789,6.26,0.1389,0.714536216
97.20947,98.51772,9.46502,13370.0,9.0,39.6033,8.06,12.10938,4.729234,5.79,0.4104,0.714536216
98.05417,98.66502,9.387755,13370.0,8.8,39.8539,7.86,12.8655,4.874242,5.82,1.0853,0.714536216
98.81155,98.72929,9.716599,13380.0,8.6,40.26408,8.06,10.98485,4.906289,6.55,0.454,1.711651967
99.52475,98.74403,8.6,13421.0,8.4,40.66228,8.4,9.310987,4.526278,6.87,0.5462,1.711651967
100.0611,98.77174,7.905138,13645.0,8.4,41.18983,8.43,9.225093,4.453368,7.03,0.2509,1.711651967
100.3398,98.88499,7.436399,13805.0,8.4,41.36598,8.14,8.318264,4.641525,6.56,0.4258,1.346524152
100.4681,99.13492,7.378641,13879.0,8.3,41.42337,8.05,6.583629,4.717562,6.26,0.5681,1.346524152
100.7086,99.43377,6.936416,13567.0,8.2,41.98294,8.0,6.571935,4.632754,6.03,0.0849,1.346524152
101.1271,99.66555,6.71785,13913.0,7.9,42.54321,7.74,5.809858,5.081689,5.14,-0.6018,2.248760121
101.4421,99.74756,6.285714,13946.0,7.7,42.96847,7.79,5.457745,5.321243,5.18,-0.7805,2.248760121
101.4794,99.75902,6.072106,14235.0,7.6,43.06036,7.73,5.830388,5.348521,5.34,-1.1455,2.248760121
101.4628,99.80705,6.04915,14688.0,7.7,43.27507,7.56,5.789473,5.37534,5.12,-0.9982,0.733700577
101.2815,99.96316,6.203008,15179.0,7.4,43.45924,7.9,5.22648,5.334991,5.56,-0.3452,0.733700577
101.0004,100.1631,5.970149,15615.0,7.6,43.50603,7.86,4.663213,5.370225,5.84,-1.2565,0.733700577
100.6373,100.307,5.350554,15410.0,7.8,43.74751,7.83,3.754266,5.513566,5.52,-1.5443,0.548705764
100.3102,100.316,5.709024,15686.0,7.8,44.04935,7.77,3.407155,5.464653,5.39,-1.4493,0.548705764
100.0847,100.2445,5.494505,15964.0,7.6,44.19556,7.59,2.871621,5.574532,5.33,-1.6502,0.548705764
99.98774,100.1628,5.464481,16035.0,7.7,44.18158,7.41,2.838065,5.390575,5.12,-1.5668,0.724850978
100.0311,100.1208,4.882459,16413.0,7.8,44.85921,7.29,3.171955,5.364653,5.01,-1.8007,0.724850978
100.2861,100.1215,4.864865,15767.0,7.8,45.34285,6.87,3.833333,5.579038,4.67,-1.3737,0.724850978
100.437,100.167,5.215827,16111.0,7.5,45.03268,7.21,4.159734,5.573832,4.83,-1.6806,1.181483598
100.6237,100.2616,5.913979,16120.0,7.6,45.74303,7.39,5.509183,5.439291,4.83,-3.8606,1.181483598
100.8875,100.3704,6.440072,16102.0,7.4,46.32342,7.46,6.176963,5.413836,4.84,-3.3644,1.181483598
101.0295,100.4492,6.951872,15867.0,7.2,46.77603,7.37,6.301826,5.339599,4.8,-2.8942,1.944113078
101.1084,100.4594,6.725664,16152.0,7.0,47.13685,7.46,6.953642,5.343278,5.36,-1.6059,1.944113078
100.9623,100.4136,6.866197,16095.0,7.2,47.49718,7.28,6.765676,5.377556,5.42,-4.3818,1.944113078
100.7575,100.3172,6.830122,15869.0,6.9,47.55844,7.33,6.907895,5.440961,5.46,-3.0629,1.804355899
100.4845,100.1662,6.620209,16031.0,7.0,47.60731,7.4,7.08402,5.298797,5.9,-3.6123,1.804355899
100.3648,99.99539,6.597222,15964.0,6.8,47.79694,7.34,7.224959,5.21487,6.19,-2.9331,1.804355899
100.4963,99.84547,6.390328,15926.0,6.8,47.87337,7.52,7.142857,5.087028,6.67,-4.414,0.002185772
100.7489,99.74937,6.724138,15999.0,6.8,47.9599,7.58,7.119741,5.136777,6.68,-4.0269,0.002185772
100.9692,99.69801,6.701031,15965.0,6.4,48.04476,7.69,6.741574,5.132763,6.71,-3.456,0.002185772
100.8849,99.66435,6.837607,16081.0,6.4,47.34343,7.96,7.188498,4.940922,6.94,-4.5594,0.319163241
100.7131,99.58263,6.42978,15954.0,6.3,47.60781,8.03,6.962025,4.892696,6.9,-5.4937,0.319163241
100.7072,99.44208,6.554622,15757.0,6.3,48.51859,8.04,6.603773,4.901751,6.86,-3.9526,0.319163241
100.9927,99.4408,6.5,15524.0,6.1,49.48398,8.15,7.176287,5.125091,7.03,-3.9759,3.864270188
101.3709,99.46545,6.965174,15655.0,6.0,49.72228,8.35,7.275542,5.395874,7.4,-3.314,3.864270188
101.6389,99.42896,7.413509,15478.0,5.9,50.04187,8.46,7.882535,5.429991,7.83,-2.7654,3.864270188
101.7716,99.40208,7.704918,15359.0,6.2,50.00599,8.64,8.307693,5.407871,8.12,-4.1052,1.005517127
101.7204,99.30141,7.843137,15271.0,5.9,50.21088,8.41,8.0,5.796533,8.06,-2.9895,1.005517127
101.6616,99.2047,8.306189,15278.0,6.0,50.32914,8.42,8.269526,5.800773,8.64,-2.8468,1.005517127
101.6224,98.97083,8.928572,15058.0,5.8,50.71821,8.64,8.484847,5.585466,9.44,-3.0431,1.344143064
101.5836,98.57691,8.885299,14622.0,5.9,51.10808,8.81,8.610271,5.222412,10.72,-2.6333,1.344143064
101.43,98.21994,9.017714,15032.0,6.0,51.36293,9.01,9.323308,5.316517,10.72,-2.9275,1.344143064
101.2577,98.19412,9.28,16515.0,5.9,51.08597,9.1,9.836067,5.522627,10.51,-4.5376,0.179787288
101.1019,98.17851,9.856915,16355.0,5.9,51.34717,9.1,10.35503,5.454675,10.19,-2.126,0.179787288
100.9076,97.98373,10.09464,17426.0,5.8,51.50082,9.12,10.76696,5.564126,10.13,-2.2471,0.179787288
100.6184,97.78385,10.48513,17310.0,5.8,50.88584,9.18,10.48035,5.693924,10.06,-3.008,0.106919831
100.2587,97.65034,10.85271,18037.0,5.6,51.34003,9.25,10.24531,5.566561,10.16,-3.6549,0.106919831
99.88669,97.46359,10.88957,17088.0,5.7,51.3439,8.91,9.885386,5.705211,9.95,-3.3688,0.106919831
99.55071,97.29881,11.26332,16090.0,5.7,51.26093,8.95,10.08523,5.781885,10.11,-2.4372,0.742871468
99.28049,97.33633,11.81818,16090.0,6.0,50.92806,9.03,11.11111,6.060129,10.71,-4.0221,0.742871468
99.10935,97.37771,12.18045,14870.0,5.9,50.92559,9.33,12.02263,6.128747,11.89,-3.8662,0.742871468
98.94118,97.30071,12.07154,14585.0,6.0,51.27521,10.3,12.43017,5.869858,13.66,-3.6542,0.250075034
98.74391,97.28232,12.61128,15459.0,5.9,51.19135,10.65,12.93463,5.845224,13.9,-3.1458,0.250075034
98.58332,97.32302,13.29394,15170.0,6.0,51.22515,10.39,12.7923,6.114708,13.43,-4.5331,0.250075034
98.59619,97.40939,13.90922,16722.0,6.3,51.50092,10.8,13.29715,6.326556,13.39,-4.8795,0.314519076
98.43395,97.19708,14.18234,16712.0,6.3,51.52411,12.41,13.53887,6.541523,14.3,-5.9627,0.314519076
97.56345,96.64525,14.75645,17508.0,6.3,51.30465,12.75,13.8482,5.894791,17.57,-3.7826,0.314519076
96.32545,96.21692,14.73088,17350.0,6.9,50.29395,11.47,13.70224,5.790051,16.14,-2.2451,-2.060472164
95.32634,96.1813,14.40559,17455.0,7.5,49.05793,10.18,13.48168,6.078551,9.79,-4.0358,-2.060472164
95.28699,96.58553,14.38451,17394.0,7.6,48.42402,9.78,13.82008,6.479213,8.49,-2.9627,-2.060472164
96.24929,97.17015,13.1327,17396.0,7.8,48.07628,10.25,14.58064,6.789402,8.65,-1.8075,-0.118847117
97.81726,97.80593,12.87263,18019.0,7.7,48.23062,11.1,14.87179,7.018506,9.91,-1.5781,-0.118847117
99.24777,98.34174,12.60054,18269.0,7.5,49.03583,11.51,13.13131,7.240799,11.29,-2.0083,-0.118847117
100.2352,98.56948,12.76596,19178.0,7.5,49.65736,11.75,13.04348,7.444011,12.94,-2.0308,1.864925605
100.5116,98.45726,12.64822,20618.0,7.5,50.48645,12.68,12.43842,7.738816,15.68,-2.0362,1.864925605
100.0693,98.0778,12.5163,21479.0,7.2,50.81684,12.84,11.82927,7.594362,18.65,-3.1126,1.864925605
99.48927,97.9249,11.82519,23040.0,7.5,50.50053,12.57,11.37725,7.550431,17.19,-4.777,1.959429461
99.21849,97.82718,11.40684,24392.0,7.4,50.29028,13.19,10.7438,7.280319,16.14,-3.1288,1.959429461
99.29847,97.92992,10.48689,24920.0,7.4,50.54702,13.12,10.87719,7.57145,14.43,-0.7048,1.959429461
99.54642,98.25214,10.0,24713.0,7.2,50.33469,13.68,10.89224,7.685257,15.08,-3.4796,-0.741063613
99.65449,98.53581,9.779951,24835.0,7.5,50.62087,14.1,10.84198,7.554264,18.27,-3.3491,-0.741063613
99.38998,98.63252,9.5526,25262.0,7.5,50.88732,13.47,10.42383,7.605069,16.9,-3.2831,-0.741063613
98.91297,98.68832,10.76179,24960.0,7.2,51.21355,14.28,9.121622,7.425051,17.76,-1.7841,1.19752521
98.41347,98.66255,10.80432,25235.0,7.4,51.15437,14.94,7.924107,7.451368,17.96,-5.3671,1.19752521
97.69214,98.39224,10.95238,25463.0,7.6,50.90437,15.32,7.924107,6.770684,16.84,-2.7658,1.19752521
97.01837,97.9903,10.14151,25832.0,7.9,50.51322,15.15,7.472528,6.873013,15.39,-5.0309,-1.089564087
96.55199,97.62318,9.590643,26055.0,8.3,49.92371,13.39,7.228916,7.080006,12.48,-4.4154,-1.089564087
96.45692,97.57651,8.922364,25502.0,8.5,49.38317,13.72,7.088331,7.111047,12.49,-1.814,-1.089564087
96.49371,97.685,8.390804,25750.0,8.6,48.37188,14.59,6.451613,6.725087,13.51,-5.0146,-1.553544479
96.49552,97.59543,7.622298,26024.0,8.9,49.35948,14.43,5.54371,6.552295,15.0,-1.785,-1.553544479
96.42096,97.46309,6.779661,26127.0,9.0,49.02721,13.86,4.219409,6.324361,14.21,-2.4273,-1.553544479
96.37466,97.5007,6.50954,27307.0,9.3,48.57935,13.87,3.23929,6.631616,14.44,-0.5032,0.456198515
96.34576,97.57013,6.681514,26825.0,9.4,48.25342,13.62,3.01769,6.641652,13.8,-3.2974,0.456198515
96.47823,97.56525,7.064018,27115.0,9.6,48.12902,14.3,3.423236,6.248705,14.46,-3.3059,0.456198515
96.5845,97.58283,6.441048,27627.0,9.8,47.96347,13.95,3.611971,6.221205,13.44,-2.6967,-0.382299274
96.64032,97.71115,5.850488,27785.0,9.8,47.53088,13.06,4.033092,6.230021,10.61,-6.5291,-0.382299274
96.70089,97.97635,5.042919,27747.0,10.1,47.40826,12.34,3.619441,6.952616,10.66,-4.1979,-0.382299274
96.82265,98.21412,5.139186,28597.0,10.4,46.95208,10.91,3.476483,7.53648,9.51,-5.261,0.039946274
97.11472,98.2731,4.589114,30415.0,10.8,46.8026,10.55,3.677222,7.897333,8.95,-3.8851,0.039946274
97.75159,98.26968,3.829787,29918.0,10.8,46.47042,10.54,3.564155,7.951669,8.66,-3.6552,0.039946274
98.63623,98.3728,3.711559,30215.0,10.4,47.33223,10.46,2.222222,8.244418,8.36,-3.8432,1.317847576
99.56986,98.78343,3.488372,30422.0,10.4,47.0405,10.72,2.222222,8.391662,8.54,-3.37,1.317847576
100.0843,99.45115,3.597884,30669.0,10.3,47.43384,10.51,2.226721,8.66558,8.69,-3.6967,1.317847576
100.3903,100.1681,3.898841,30530.0,10.2,48.0281,10.4,2.125506,8.972832,8.63,-4.7262,2.275612439
100.7514,100.6464,3.549061,30390.0,10.1,48.32856,10.38,2.323232,9.369154,8.49,-6.7514,2.275612439
101.2449,100.7979,2.57732,30517.0,10.1,48.62138,10.85,1.905718,9.549047,9.2,-4.8934,2.275612439
101.8264,100.7612,2.461539,30296.0,9.4,49.34273,11.38,1.394423,9.58049,9.5,-6.3715,1.999064294
102.1501,100.6172,2.558854,29803.0,9.5,49.93293,11.85,1.39165,9.305114,9.77,-7.1641,1.999064294
102.354,100.4988,2.860061,29983.0,9.2,50.6519,11.65,1.397206,9.5762,9.39,-6.2203,1.999064294
102.6245,100.5056,2.851324,30131.0,8.8,51.04969,11.54,1.284585,9.584584,9.18,-8.4319,2.086217479
102.8575,100.7032,3.265306,30668.0,8.5,51.27541,11.69,0.6896545,9.448442,9.36,-7.122,2.086217479
102.8142,101.0433,3.790984,30831.0,8.3,51.53472,11.83,0.5899698,9.400146,9.69,-6.7348,2.086217479
102.2463,101.3831,4.192229,31235.0,8.0,52.55464,11.67,1.976284,9.531851,9.42,-9.508,1.954770289
101.8132,101.5174,4.596527,31573.0,7.8,52.80008,11.84,2.371542,8.972541,9.54,-10.3794,1.954770289
101.5434,101.5477,4.800817,31634.0,7.8,53.0473,12.32,2.772277,8.978227,10.08,-10.2718,1.954770289
101.4474,101.4232,4.563895,31628.0,7.7,53.36193,12.63,2.874133,8.978723,10.41,-11.8807,1.727792663
101.2496,101.3434,4.233871,31875.0,7.4,53.64791,13.41,2.3692,8.919742,11.11,-9.2843,1.727792663
100.9544,101.294,4.221106,31939.0,7.2,53.83913,13.56,2.066929,8.742867,11.34,-8.7555,1.727792663
100.507,101.3663,4.204204,32186.0,7.5,53.98891,13.36,2.357564,8.625086,11.56,-13.771,0.964063628
99.97562,101.4952,4.291417,32475.0,7.5,54.05393,12.72,1.764707,9.317769,11.47,-10.0897,0.964063628
99.55173,101.5183,4.270109,32432.0,7.3,53.90276,12.52,1.574803,9.475889,11.29,-11.543,0.964063628
99.38626,101.3475,4.257426,32761.0,7.4,53.87828,12.16,1.365854,9.416708,10.38,-9.6528,0.820857146
99.34148,101.1625,4.051383,33084.0,7.2,54.0583,11.57,1.956948,9.498795,9.18,-10.2216,0.820857146
99.33571,101.0288,3.948667,33517.0,7.3,54.08447,11.5,1.66178,9.382779,8.6,-8.0337,0.820857146
99.27604,101.0102,3.532875,33079.0,7.3,54.0581,11.38,0.8720934,9.815166,8.14,-10.2857,0.969072301
99.13136,100.9666,3.515625,33356.0,7.2,54.22433,11.51,0.5791509,10.37154,8.69,-11.4459,0.969072301
98.92482,100.9448,3.703704,33810.0,7.2,54.2957,11.86,0.2890175,10.29142,9.02,-11.0462,0.969072301
98.78882,100.9458,3.685742,33813.0,7.3,54.18895,11.43,0.5780349,10.36456,8.49,-11.8499,0.880466353
98.70107,100.9468,3.77176,34060.0,7.2,54.26924,10.85,1.060752,10.59652,7.92,-12.6659,0.880466353
98.71023,101.0081,3.760849,34233.0,7.4,54.24337,10.16,1.060752,10.84758,7.44,-13.4152,0.880466353
98.77715,100.9357,3.554275,34238.0,7.4,53.96284,10.31,0.863723,11.05607,7.64,-10.5082,1.527121263
98.92261,100.7846,3.349282,34366.0,7.1,54.14215,10.33,0.7707123,10.80291,7.81,-9.9037,1.527121263
99.18272,100.631,3.142857,34872.0,7.1,54.3414,10.37,0.09689927,10.55842,7.93,-15.55,1.527121263
99.41873,100.5313,3.22887,37716.0,7.1,54.15346,10.24,1.05871,10.65283,7.88,-11.4531,0.743327344
99.54983,100.6392,3.51377,38246.0,7.0,54.33902,9.78,1.34357,11.28278,7.81,-13.6814,0.743327344
99.54116,100.8615,3.798671,38412.0,7.0,54.87629,9.26,1.826923,11.81692,7.8,-17.3734,0.743327344
99.51922,101.0499,3.886256,38516.0,6.7,55.16525,9.19,1.34486,11.8989,7.82,-13.3979,0.933524708
99.48925,101.1397,3.113208,38967.0,7.2,54.78747,8.7,-0.1516755,12.52,7.69,-11.2696,0.933524708
99.46919,101.1652,2.255639,38912.0,7.2,54.40365,7.78,-1.656468,13.2667,7.24,-12.711,0.933524708
99.47487,101.2062,1.590271,39297.0,7.1,54.4659,7.3,-2.338092,13.59399,6.6,-13.1126,0.450377363
99.54,101.2664,1.491146,39075.0,7.2,54.57286,7.71,-2.412718,13.60329,6.65,-11.9946,0.450377363
99.4193,101.3643,1.765799,39344.0,7.2,54.35825,7.8,-2.412718,13.94495,6.73,-11.5263,0.450377363
99.35233,101.305,1.576994,39383.0,7.0,54.68993,7.3,-3.384921,13.69767,6.37,-12.8083,0.956992886
99.53444,101.1231,1.574074,39910.0,6.9,54.59834,7.17,-3.022655,13.9549,5.92,-13.5574,0.956992886
99.62357,100.9493,1.754386,39683.0,7.0,54.74951,7.45,-1.600586,13.57344,5.71,-14.6504,0.956992886
99.58888,100.8566,1.471941,39531.0,7.0,54.98027,7.43,-2.598599,13.54146,5.69,-12.7084,0.536985718
99.57671,100.6729,1.284404,39544.0,6.9,55.19925,7.25,-3.053393,13.94781,5.76,-14.6561,0.536985718
99.67645,100.5186,1.097896,39790.0,6.6,55.72125,7.11,-3.328029,14.07404,6.04,-12.7444,0.536985718
99.93276,100.486,1.459854,39404.0,6.6,55.51229,7.08,-2.171767,14.97068,5.87,-15.2249,0.74501963
100.0889,100.5166,2.1043,39465.0,6.6,56.24841,7.25,-0.4004004,15.86818,6.1,-13.1812,0.74501963
100.3163,100.5904,3.033088,38543.0,6.6,56.32741,7.25,1.220753,16.48206,6.17,-13.7286,0.74501963
100.5431,100.6712,3.775322,36370.0,6.3,56.69606,8.02,2.349336,16.22884,6.52,-13.5633,1.078842316
100.7646,100.7045,3.856749,36263.0,6.3,57.04737,8.61,2.443992,16.14232,6.99,-14.9027,1.078842316
100.9285,100.7777,3.652968,35834.0,6.2,57.35516,8.4,2.749491,16.79351,6.94,-14.2764,1.078842316
101.094,100.8817,3.926941,35414.0,6.1,57.74155,8.45,3.897436,17.25948,6.7,-14.0443,0.867566856
101.313,100.8864,4.284412,36123.0,6.0,58.17653,8.76,4.312115,18.23986,6.75,-15.2352,0.867566856
101.4868,100.701,4.355717,35747.0,5.9,58.39936,9.42,3.790984,17.67034,7.37,-13.8327,0.867566856
101.5505,100.353,4.533092,35770.0,6.0,59.18703,9.52,3.869654,15.56063,8.02,-15.7321,1.717036096
101.4784,100.0778,4.528986,35171.0,5.8,59.47836,8.86,3.967447,13.58801,7.24,-13.43,1.717036096
101.3548,100.15,4.434389,33657.0,5.7,59.80687,8.99,3.865717,13.3575,7.66,-13.1687,1.717036096
101.0204,100.4137,4.046762,32511.0,5.7,59.792,8.67,3.32997,13.91834,6.92,-13.0882,0.516654167
100.6888,100.655,3.942652,32683.0,5.7,60.09166,8.21,3.115578,14.37273,6.6,-13.3612,0.516654167
100.4966,100.8186,3.925067,32326.0,5.7,60.22865,8.37,3.316583,14.84251,6.63,-10.4984,0.516654167
100.5438,100.8625,3.90417,32049.0,5.4,60.58085,8.72,3.193613,14.70187,6.92,-10.6138,1.313900617
100.7276,100.9554,3.890363,31800.0,5.6,60.46269,9.09,3.280318,14.35853,7.24,-10.0454,1.313900617
100.9641,101.0238,3.964758,32034.0,5.4,60.63567,8.92,3.369673,15.12444,7.51,-12.1723,1.313900617
100.937,101.092,4.130053,34480.0,5.4,60.64082,9.06,3.553801,15.06437,7.94,-10.3323,0.585928314
100.7128,101.2013,4.020979,37673.0,5.6,60.94831,9.26,3.444882,14.78065,8.35,-11.8253,0.585928314
100.5212,101.1859,4.173913,37631.0,5.4,60.74937,8.98,3.751234,15.00061,8.23,-10.7124,0.585928314
100.4869,101.0441,4.249783,38252.0,5.4,61.02206,8.8,3.529412,15.48469,8.36,-10.4092,1.332500553
100.5066,100.9414,4.2461,36894.0,5.3,61.17403,8.96,3.816047,15.11941,8.78,-11.9165,1.332500553
100.4859,100.9683,4.419411,36471.0,5.3,61.45703,9.11,4.211557,15.38439,9.25,-12.1409,1.332500553
100.3413,101.1105,4.667243,37492.0,5.4,61.63605,9.09,4.980469,15.88492,9.2,-9.1324,1.016597674
100.1111,101.0901,4.827586,38160.0,5.2,61.36692,9.17,5.165692,16.3478,9.51,-10.0677,1.016597674
99.80834,100.944,4.978541,39178.0,5.0,61.5174,9.36,5.544747,16.30056,10.09,-9.0654,1.016597674
99.51663,100.7443,5.123826,39456.0,5.2,61.50075,9.18,5.802708,16.7725,9.94,-8.0955,0.763265657
99.11044,100.6116,5.361702,44453.0,5.2,61.15618,8.86,5.967276,17.35978,9.59,-10.2201,0.763265657
98.70354,100.5791,5.169491,48837.0,5.3,61.15291,8.28,5.560882,17.90099,9.2,-8.4856,0.763265657
98.40553,100.6287,4.978903,49870.0,5.2,60.5644,8.02,4.766444,18.33109,8.76,-9.0177,0.740876994
98.28054,100.7113,4.705883,50326.0,5.2,61.15628,8.11,4.281637,19.10661,8.64,-9.9498,0.740876994
98.33158,100.8659,4.340568,53985.0,5.3,60.94712,8.19,4.567079,19.11225,8.78,-8.8183,0.740876994
98.44628,100.8484,4.492513,55927.0,5.3,60.87436,8.01,4.924242,19.06244,8.6,-9.8016,0.197050974
98.54751,100.7222,4.655029,56927.0,5.4,61.07926,7.87,4.429783,18.66268,8.39,-9.903,0.197050974
98.65791,100.6467,4.647303,57525.0,5.4,61.42253,7.84,4.323308,19.07521,8.32,-6.842,0.197050974
98.79867,100.6441,5.202312,57785.0,5.4,61.10583,8.21,4.837209,18.56648,8.16,-9.7672,1.092795416
99.01358,100.6257,5.263158,57097.0,5.3,61.66768,8.47,3.985172,18.07759,8.22,-7.4548,1.092795416
99.18344,100.6958,5.233034,59323.0,5.2,61.96109,8.59,3.502304,18.44583,8.35,-8.6426,1.092795416
99.23688,100.7492,4.711617,59245.0,5.4,61.81528,8.79,2.925046,18.38141,8.42,-7.7525,0.36291179
99.15974,100.6171,4.361874,59449.0,5.4,62.00134,8.76,2.724796,18.94923,8.35,-8.0886,0.36291179
98.96403,100.3267,4.67365,59203.0,5.2,62.20623,8.48,2.724796,19.47706,8.23,-6.9911,0.36291179
98.65305,99.83611,4.823151,58117.0,5.5,62.10275,8.47,3.00273,19.47469,8.1,-9.0081,0.066512432
98.34989,99.04894,5.617978,58124.0,5.7,62.32717,8.75,4.562044,17.96866,7.97,-9.2384,0.066512432
98.02583,98.29272,6.16,58691.0,5.9,62.3469,8.89,5.732484,17.15432,8.06,-9.0322,0.066512432
97.69148,97.68832,6.289809,59345.0,5.9,61.9603,8.72,6.588448,16.64209,8.06,-9.3829,-0.910394541
97.36235,97.47369,6.274821,59631.0,6.2,61.1882,8.39,6.6787,17.05451,8.03,-9.4853,-0.910394541
97.10191,97.53894,6.106265,59958.0,6.3,60.75878,8.08,5.585586,17.78271,7.82,-6.1858,-0.910394541
96.92502,97.89329,5.651491,60709.0,6.4,60.55973,8.09,3.726708,17.62213,7.17,-6.9922,-0.467867584
96.94632,98.53973,5.3125,59669.0,6.6,60.12268,7.85,3.565062,19.58308,6.52,-5.7747,-0.467867584
97.19865,99.27689,4.895105,58891.0,6.8,59.7804,8.11,2.671416,20.15921,6.45,-4.485,-0.467867584
97.65656,99.48511,4.88751,59314.0,6.7,59.93791,8.04,2.486679,20.56992,6.06,-4.4668,0.779718038
98.27521,99.46776,4.95356,59288.0,6.9,60.53396,8.07,2.210433,20.49271,5.91,-5.1463,0.779718038
99.00303,99.53423,4.69592,57764.0,6.9,61.02365,8.28,2.210433,20.53056,6.07,-4.9165,0.779718038
99.54396,99.59674,4.447853,56962.0,6.8,61.18414,8.27,1.943463,20.62734,5.98,-5.5429,0.505338431
99.92921,99.56037,3.799392,55881.0,6.9,61.19702,7.9,0.9598604,21.12646,5.65,-6.0456,0.505338431
100.0435,99.35677,3.391108,55712.0,6.9,61.70296,7.65,-0.4302926,21.04894,5.47,-6.3296,0.505338431
99.75513,98.87231,2.921348,55599.0,7.0,61.63963,7.53,-1.439458,21.10341,5.33,-5.8064,0.348563902
99.24997,98.27185,2.989537,55225.0,7.0,61.55616,7.42,-1.43824,21.11836,4.94,-4.5681,0.348563902
98.91632,97.91856,3.064275,55769.0,7.3,61.27117,7.09,-1.023891,21.21873,4.47,-6.1757,0.348563902
99.04355,97.86899,2.600297,55547.0,7.3,60.95297,7.03,-0.855432,22.71159,4.05,-6.4058,1.197157574
99.5508,98.11823,2.818991,55535.0,7.4,61.38923,7.34,0.08605852,22.59063,4.07,-3.6685,1.197157574
99.97171,98.56541,3.185185,55530.0,7.4,61.9038,7.54,0.954033,22.30278,4.25,-5.4731,1.197157574
100.1572,98.92067,3.180473,55638.0,7.4,62.38179,7.48,1.299827,22.23713,4.0,-6.8404,1.084320604
100.2801,99.12292,3.023599,54664.0,7.6,62.5847,7.39,1.730104,22.63905,3.82,-7.9421,1.084320604
100.2019,99.12888,3.088235,55307.0,7.8,62.62207,7.26,1.989619,22.24978,3.86,-6.598,1.084320604
100.0438,98.95104,3.157122,55085.0,7.7,63.18432,6.84,2.079723,22.59568,3.37,-7.4875,0.988107189
99.79509,98.79589,3.147877,54631.0,7.6,62.83827,6.59,1.642178,22.78407,3.31,-9.0217,0.988107189
99.5382,98.78522,2.988338,54975.0,7.6,63.03751,6.42,1.642178,22.78987,3.13,-8.2014,0.988107189
99.58521,99.0512,3.202329,54082.0,7.3,63.46921,6.59,1.632302,22.47702,3.26,-7.2278,1.042879871
99.90587,99.68698,3.047895,53529.0,7.4,63.71207,6.87,1.459227,23.05813,3.58,-8.2269,1.042879871
100.215,100.2043,2.900653,52995.0,7.4,63.80486,6.77,1.637931,23.71526,3.48,-7.4077,1.042879871
100.3913,100.3397,3.258508,53240.0,7.3,64.06139,6.6,2.157032,23.73477,3.19,-7.879,0.166979092
100.3025,100.2216,3.246753,54068.0,7.1,64.36214,6.26,2.235598,24.10519,3.12,-8.038,0.166979092
99.98747,100.031,3.086863,54469.0,7.0,64.30564,5.98,2.491409,24.5713,3.11,-9.942,0.166979092
99.61108,99.79507,3.225806,54542.0,7.1,64.4931,5.97,2.39521,24.23496,3.09,-9.856,0.582113453
99.39777,99.49371,3.221188,55127.0,7.1,64.24458,6.04,1.870748,24.36321,3.1,-8.35,0.582113453
99.26886,99.25936,2.99572,53988.0,7.0,64.38821,5.96,1.357082,24.47691,3.21,-11.257,0.582113453
99.27982,99.04162,2.775801,54525.0,6.9,64.55128,5.81,1.273345,24.54492,3.16,-10.69,0.477156587
99.39069,98.98579,2.76792,54757.0,6.8,64.4815,5.68,0.8503401,24.94888,3.14,-10.068,0.477156587
99.58955,99.10998,2.689313,54835.0,6.7,64.81734,5.36,0.6802721,25.23904,3.12,-10.67,0.477156587
99.89369,99.39689,2.750353,54747.0,6.8,65.29513,5.33,0.9298394,25.5033,3.24,-10.814,1.36007556
100.1732,99.74181,2.676056,54679.0,6.6,65.60014,5.72,0.930626,25.34482,3.35,-9.89,1.36007556
100.4292,100.2423,2.748414,54558.0,6.5,65.9791,5.77,0.7633588,25.52289,3.26,-8.114,1.36007556
100.6043,100.6733,2.524544,54930.0,6.6,66.18925,5.75,0.7601351,25.95653,3.15,-10.184,0.97031284
100.7296,100.8273,2.515723,55409.0,6.6,66.22355,5.97,0.7569386,25.94262,3.43,-12.106,0.97031284
100.8392,100.8162,2.506964,55713.0,6.5,66.89405,6.48,0.5029338,25.48287,3.77,-9.78,0.97031284
100.9571,100.7859,2.361111,55252.0,6.4,67.28451,6.97,0.3341688,24.55667,4.01,-11.685,1.355099752
101.0771,100.7219,2.288488,53871.0,6.1,67.60072,7.18,0.5008347,24.7144,4.51,-12.451,1.355099752
101.1571,100.6131,2.493075,53818.0,6.1,68.05324,7.1,0.7531381,24.87754,4.52,-12.881,1.355099752
101.1781,100.5389,2.770083,53777.0,6.1,68.13522,7.3,1.341157,24.68769,4.73,-14.141,0.584536016
101.1987,100.5859,2.900553,53845.0,6.0,68.5913,7.24,2.445194,25.36024,4.81,-13.019,0.584536016
101.2671,100.6583,2.963474,53786.0,5.9,68.7958,7.46,2.280406,25.51085,5.03,-13.638,0.584536016
101.2884,100.7546,2.608099,54374.0,5.8,69.35815,7.74,1.758794,25.27446,5.51,-13.747,1.145518265
101.18,100.8716,2.674897,52373.0,5.6,69.82176,7.96,2.17938,25.00329,5.79,-14.736,1.145518265
100.9403,101.0522,2.674897,52510.0,5.5,70.52021,7.81,2.441077,24.62429,6.29,-12.259,1.145518265
100.712,101.1362,2.804378,53162.0,5.6,70.65393,7.78,2.766136,25.11062,6.24,-14.236,0.35469547
100.3275,101.0002,2.862986,56262.3,5.4,70.56889,7.47,2.754591,25.93257,6.16,-13.239,0.35469547
99.82828,100.7739,2.853261,57678.3,5.4,70.66672,7.2,2.919099,26.42236,6.15,-13.131,0.35469547
99.33388,100.6758,3.052917,58559.8,5.8,70.54103,7.06,3.330558,27.17155,6.11,-14.873,0.298305699
98.86931,100.6628,3.186441,59606.6,5.6,70.88014,6.63,3.405316,27.90742,6.02,-13.906,0.298305699
98.72479,100.7928,3.04054,59526.9,5.6,71.11666,6.17,3.322259,28.67153,5.9,-14.427,0.298305699
98.84491,100.9129,2.762803,60768.4,5.7,70.82215,6.28,2.894954,29.52861,5.77,-14.382,0.850664868
98.79386,100.8782,2.61745,59812.6,5.7,71.7481,6.49,2.386831,29.71381,5.77,-12.733,0.850664868
98.71083,100.6357,2.543507,59682.0,5.6,72.02575,6.2,2.642444,30.73981,5.73,-12.205,0.850664868
98.55444,100.4753,2.809365,59458.4,5.5,71.90948,6.04,2.962963,30.87537,5.79,-11.895,0.679036536
98.40979,100.3957,2.60521,59428.3,5.6,72.08295,5.93,2.625103,31.44986,5.74,-11.879,0.679036536
98.33122,100.4203,2.53841,59467.1,5.6,72.33017,5.71,2.958094,32.47175,5.62,-11.895,0.679036536
98.30769,100.4369,2.727878,58528.7,5.6,71.9529,5.65,2.610114,32.60315,5.39,-13.55,0.748971329
98.40857,100.5097,2.650762,59014.2,5.5,72.996,5.81,2.112104,34.30991,5.15,-11.894,0.748971329
98.6503,100.6579,2.840158,59229.5,5.5,72.87834,6.27,2.106969,34.33728,5.29,-12.905,0.748971329
98.98518,100.6872,2.896642,59268.6,5.6,73.61803,6.51,2.175665,34.41352,5.36,-13.108,1.667883947
99.28365,100.6661,2.890933,59374.5,5.6,74.16134,6.74,2.329317,35.14032,5.36,-14.452,1.667883947
99.53724,100.7766,2.754098,59324.7,5.3,74.71983,6.91,2.170418,35.48436,5.46,-13.973,1.667883947
99.51517,100.939,2.95082,59686.4,5.5,74.71735,6.87,2.170418,34.21694,5.53,-14.923,0.897010936
99.51913,101.0613,2.877698,54253.3,5.1,75.09541,6.64,2.411576,35.1152,5.4,-14.808,0.897010936
99.53149,101.1536,3.002611,53943.6,5.2,75.56488,6.83,2.574417,35.7465,5.51,-15.816,0.897010936
99.63699,101.278,2.992843,53763.3,5.2,75.55388,6.53,2.478018,36.99174,5.41,-13.949,1.038397649
99.89844,101.3838,3.255208,53690.5,5.4,76.22279,6.2,2.318146,38.49857,5.38,-14.241,1.038397649
100.1168,101.3993,3.322476,53694.1,5.4,76.6976,6.3,2.154828,38.78163,5.44,-16.594,1.038397649
100.1296,101.4509,3.044041,50137.2,5.3,76.83707,6.58,1.828299,39.9673,5.43,-16.942,0.645560777
100.0862,101.5709,3.034216,49906.7,5.2,77.73992,6.42,1.750199,41.45096,5.37,-15.054,0.645560777
100.1204,101.706,2.761721,49662.1,5.2,78.23754,6.69,1.428571,41.26777,5.53,-13.092,0.645560777
100.2376,101.8737,2.495202,49308.5,5.1,78.30276,6.89,0.7097792,39.71159,5.71,-13.897,1.661978105
100.4373,102.0632,2.234994,50116.6,4.9,78.74755,6.71,0.1569859,42.91642,5.7,-14.637,1.661978105
100.5732,102.2358,2.297384,50051.3,5.0,79.10808,6.49,0.07867821,45.26382,5.66,-13.369,1.661978105
100.6919,102.352,2.229299,49729.3,4.9,79.77738,6.22,-0.1573564,47.62737,5.6,-13.74,1.250778573
100.6273,102.3547,2.225048,49928.7,4.8,80.57655,6.3,-0.15710960000000002,47.68659,5.6,-15.372,1.250778573
100.51,102.3657,2.154626,50250.7,4.9,81.32178,6.21,-0.1568628,48.49962,5.6,-15.803,1.250778573
100.518,102.3587,2.084649,50346.5,4.7,82.04313,6.03,-0.4680187,49.44086,5.65,-15.876,0.858743563
100.4559,102.34,1.828499,50327.1,4.6,82.7037,5.88,-0.390625,48.73145,5.74,-15.931,0.858743563
100.3074,102.3078,1.702396,52816.6,4.7,83.05115,5.81,-0.78125,49.97653,5.8,-16.809,0.858743563
100.1408,102.4631,1.571339,52980.0,4.6,83.4308,5.54,-1.327088,49.9245,5.54,-16.227,0.999375401
99.988,102.6292,1.441103,53286.3,4.6,83.56879,5.57,-1.407349,52.69964,5.54,-16.728,0.999375401
99.85476,102.6369,1.375,52803.5,4.7,83.60527,5.65,-1.486698,55.5262,5.58,-18.555,0.999375401
99.6716,102.6151,1.435705,53179.6,4.3,83.88748,5.64,-1.174628,57.24488,5.58,-20.336,0.925820507
99.42714,102.5143,1.686446,53846.8,4.4,84.44022,5.65,-0.9404389,56.88943,5.59,-20.506,0.925820507
99.19438,102.3932,1.684342,54304.3,4.5,83.9416,5.5,-0.7861635,56.42339,5.6,-18.766,0.925820507
99.08391,102.2547,1.682243,55200.4,4.5,83.60844,5.46,-0.5516154,58.07058,5.59,-19.117,1.252764553
99.02848,102.059,1.616915,55720.0,4.5,85.33305,5.34,-1.098901,53.39362,5.58,-20.626,1.252764553
98.9608,101.8142,1.488834,56285.4,4.6,85.24374,4.81,-1.099764,50.16512,5.41,-19.783,1.252764553
98.89126,101.6757,1.485149,57538.9,4.5,85.84068,4.53,-0.9404389,50.65313,5.21,-19.749,1.616190702
98.84126,101.7708,1.547988,57437.3,4.4,85.75613,4.83,-1.019608,55.87901,5.24,-19.488,1.616190702
98.91268,101.9162,1.611903,59378.9,4.4,86.10247,4.65,-0.8661417,57.03838,5.14,-19.878,1.616190702
99.22596,102.16,1.670792,59259.1,4.3,86.46617,4.72,-0.1582278,58.96622,4.89,-21.509,0.943826615
99.53485,102.3718,1.60593,56225.1,4.4,86.96072,5.0,-0.1586043,58.29973,4.9,-24.32,0.943826615
99.76468,102.4077,1.726264,55784.4,4.2,87.15273,5.23,0.3177125,59.78408,4.91,-23.82,0.943826615
99.94986,102.4028,2.276923,55521.0,4.3,87.34602,5.18,0.9508716,62.16686,4.88,-24.255,0.83500003
100.1609,102.4471,2.088452,54618.8,4.2,87.88141,5.54,1.028481,62.94555,4.92,-26.698,0.83500003
100.297,102.4584,1.96319,54554.8,4.3,87.82233,5.9,1.267829,62.34271,5.13,-29.448,0.83500003
100.3227,102.402,2.144608,54794.0,4.3,88.34542,5.79,1.664025,64.2543,5.24,-29.917,1.323027026
100.4682,102.3393,2.264382,54127.4,4.2,88.73013,5.94,2.380952,61.5006,5.41,-29.124,1.323027026
100.711,102.3288,2.628362,54100.1,4.2,88.35791,5.92,3.018269,60.19794,5.5,-28.459,1.323027026
100.8986,102.3079,2.560976,54193.8,4.1,89.49599,6.11,3.006329,59.32374,6.13,-29.886,1.642779005
100.999,102.4278,2.621951,53892.8,4.1,89.9707,6.03,3.248811,62.80751,6.0,-30.778,1.642779005
100.958,102.5943,2.684564,53238.0,4.0,90.69384,6.28,3.653693,63.19875,6.05,-30.606,1.642779005
100.8001,102.8278,2.738892,52658.44,4.0,90.62692,6.66,3.645008,62.86602,5.95,-31.357,0.364447361
100.6028,102.8813,3.221884,52660.05,4.1,90.93481,6.52,5.003972,59.92387,6.01,-33.492,0.364447361
100.4074,102.7994,3.757576,53513.9,4.0,91.28929,6.26,5.225653,61.62468,6.14,-36.041,0.364447361
100.2154,102.7807,3.068592,51271.61,3.8,91.87463,5.99,4.081633,64.01819,6.28,-35.428,1.820583008
99.98161,102.755,3.188929,51666.16,4.0,92.12622,6.44,4.228661,63.33833,6.71,-36.019,1.820583008
99.76172,102.655,3.730445,51712.8,4.0,92.19561,6.1,5.007825,64.33157,6.73,-37.022,1.820583008
99.60983,102.6211,3.659268,51393.15,4.0,92.03522,6.05,4.36477,64.67895,6.67,-37.638,0.099774128
99.39503,102.5858,3.411131,50761.89,4.1,91.7888,5.83,3.488372,65.96814,6.61,-35.902,0.099774128
99.19985,102.5353,3.454437,51694.8,3.9,92.15368,5.8,3.85505,66.10835,6.6,-38.834,0.099774128
98.95239,102.425,3.448276,51530.88,3.9,91.833,5.74,3.609831,64.02615,6.67,-39.211,0.594361755
98.57675,102.1694,3.446227,51650.71,3.9,91.85283,5.72,3.530315,63.94636,6.65,-37.302,0.594361755
98.01641,101.633,3.386809,52597.93,3.9,91.53969,5.24,2.911877,63.89025,6.45,-37.857,0.594361755
97.56508,101.1014,3.732228,52689.09,4.2,91.08807,5.16,3.058104,64.42542,5.62,-39.601,-0.324221003
97.39633,100.7129,3.533569,52050.38,4.2,90.49449,5.1,1.966717,64.176,5.26,-34.236,-0.324221003
97.45478,100.5453,2.920561,51337.46,4.3,90.25768,4.89,1.203913,59.7594,4.89,-37.503,-0.324221003
97.55767,100.5117,3.269119,51568.46,4.4,89.9372,5.14,2.262444,60.09292,4.53,-35.359,0.621389215
97.67243,100.6366,3.61516,52375.88,4.3,89.46972,5.39,2.55447,63.83125,4.02,-31.378,0.621389215
97.92589,100.7169,3.24826,52347.54,4.5,88.98399,5.28,1.19225,62.47472,3.74,-33.876,0.621389215
98.2206,100.6294,2.719908,52604.39,4.6,88.44702,5.24,0.373413,60.79872,3.66,-34.382,-0.400349016
98.4295,100.323,2.719908,53252.57,4.9,88.35444,4.97,0.82397,59.8657,3.48,-32.921,-0.400349016
98.28051,99.88152,2.648244,55641.47,5.0,87.8938,4.73,0.6681514,54.59542,2.87,-34.582,-0.400349016
97.95414,99.72234,2.126437,55068.37,5.3,87.6209,4.57,-0.8895478,55.06464,2.31,-34.335,0.277314358
98.09815,99.87247,1.895462,55069.41,5.5,87.1102,4.65,-1.630838,56.99183,2.03,-33.268,0.277314358
98.54063,100.2358,1.551724,55030.04,5.7,87.06757,5.09,-2.010424,57.73238,1.83,-30.458,0.277314358
99.1543,100.5872,1.142204,54649.84,5.7,87.69415,5.04,-2.299703,57.62083,1.74,-33.504,0.828227216
99.79486,100.7976,1.137656,54524.19,5.7,87.69376,4.91,-2.077151,56.41106,1.82,-35.822,0.828227216
100.2252,100.988,1.475596,54505.54,5.7,88.34473,5.28,-1.263941,59.49042,1.91,-35.522,0.828227216
100.3932,101.0416,1.639344,53975.27,5.9,88.77137,5.21,-1.327434,58.18821,1.87,-38.014,0.615502456
100.4052,101.0151,1.181767,54522.56,5.8,89.14884,5.16,-2.197802,57.0232,1.82,-38.213,0.615502456
100.2231,100.7603,1.067416,57012.2,5.8,89.88526,4.93,-1.620029,53.90807,1.81,-39.076,0.615502456
99.83192,100.4192,1.464789,57344.04,5.8,89.85413,4.65,-0.5952381,48.25622,1.79,-38.068,0.403528704
99.55601,100.138,1.802817,57783.96,5.7,89.75699,4.26,-0.6686478,48.70765,1.73,-40.548,0.403528704
99.41979,99.89211,1.514302,58174.65,5.7,89.84679,3.87,-0.4424779,46.76304,1.76,-40.725,0.403528704
99.35641,99.70644,2.025886,57941.28,5.7,89.61484,3.94,1.421092,45.54277,1.73,-38.794,0.130655767
99.43353,99.72174,2.198422,57980.94,5.9,90.10493,4.05,1.431801,47.87475,1.39,-43.305,0.130655767
99.62546,99.71916,2.37691,59159.95,6.0,89.59987,4.03,1.823708,47.52485,1.34,-46.671,0.130655767
99.55679,99.53759,2.597403,58126.88,5.8,90.33985,4.05,3.037206,47.3499,1.29,-44.216,0.516723187
99.18427,99.37654,2.980877,58420.43,5.9,90.45355,3.9,4.242424,44.37599,1.27,-42.873,0.516723187
98.79832,99.46114,3.020134,59384.42,5.9,90.21139,3.81,4.442771,44.24553,1.23,-46.263,0.516723187
98.74574,99.90279,2.224694,59274.02,6.0,89.63863,3.96,1.86846,46.62976,1.24,-44.602,0.893377801
99.03143,100.3382,2.057842,59327.78,6.1,89.61801,3.57,1.722846,49.36493,1.22,-44.299,0.893377801
99.39342,100.4971,2.112285,59564.02,6.3,89.73151,3.33,2.020958,52.29276,1.04,-42.816,0.893377801
99.80138,100.4994,2.109939,59135.99,6.2,90.19523,3.98,2.095808,52.14394,1.05,-44.386,1.66689627
100.2066,100.4084,2.158273,59528.8,6.1,89.99321,4.45,2.468212,52.26897,1.08,-42.82,1.66689627
100.5374,100.3724,2.320442,60483.0,6.1,90.58509,4.27,1.555556,53.80064,1.08,-44.68,1.66689627
101.0109,100.5233,2.040816,60214.76,6.0,90.70167,4.29,1.917404,55.20531,1.1,-44.837,1.154045728
101.5557,100.8207,1.76503,60458.14,5.8,91.3222,4.3,2.30312,56.13243,1.11,-43.077,1.154045728
101.966,101.1292,1.879491,59554.92,5.7,91.3675,4.27,2.761194,58.51985,1.1,-47.481,1.154045728
102.1183,101.4136,1.926252,59252.45,5.7,91.52095,4.15,2.358143,61.47464,1.06,-48.197,0.572916486
102.1211,101.298,1.693064,58948.08,5.6,92.07636,4.08,1.235465,62.40279,1.05,-48.1245,0.572916486
102.1184,101.1271,1.737242,59237.4,5.8,91.72466,3.83,1.153569,61.57739,1.05,-50.807,0.572916486
102.1296,100.9529,2.285093,58090.63,5.6,92.09846,4.35,4.035216,61.8445,1.08,-51.4721,0.778738758
102.0745,100.8732,3.051771,58010.36,5.6,92.76678,4.72,5.522828,59.72372,1.2,-51.9936,0.778738758
101.9193,101.0136,3.266195,57993.85,5.6,92.05138,4.73,4.84226,61.33126,1.46,-57.9766,0.778738758
101.7091,101.127,2.990756,57400.55,5.5,92.73437,4.5,4.985337,60.38981,1.57,-55.3332,0.941247225
101.4097,101.1018,2.654388,58143.0,5.4,92.81535,4.28,4.890511,59.49894,1.68,-56.0923,0.941247225
101.1172,100.9808,2.537797,57850.77,5.4,92.9234,4.13,5.178702,61.34568,1.86,-54.8077,0.941247225
100.9324,100.89,3.189189,57986.35,5.5,93.74149,4.1,6.005789,61.89985,2.04,-58.6424,1.022027369
100.8941,100.9553,3.523035,58414.38,5.4,93.97236,4.19,6.100218,64.97321,2.26,-62.5835,1.022027369
100.8955,101.0936,3.255562,58021.95,5.4,94.70848,4.23,5.30138,66.84936,2.45,-58.7986,1.022027369
100.745,101.0786,2.969762,55326.1,5.3,95.04601,4.22,5.255579,66.09673,2.61,-60.396,1.110882508
100.545,100.9201,3.007519,54274.88,5.4,95.71858,4.17,5.527638,67.847,2.77,-62.7362,1.110882508
100.3279,100.6865,3.148346,54095.5,5.2,95.59517,4.5,6.129722,68.08076,2.97,-58.1087,1.110882508
100.0989,100.4946,3.510638,54303.75,5.2,95.7844,4.34,5.500705,66.29041,3.09,-61.6388,0.486604478
99.98564,100.5638,2.80275,54375.33,5.1,95.88611,4.14,4.256804,66.47942,3.22,-60.5911,0.486604478
100.1317,100.8185,2.530311,54155.91,5.0,96.30066,4.0,4.688593,67.7982,3.38,-62.6639,0.486604478
100.3611,100.7233,3.167899,52944.21,5.0,95.99287,4.18,5.446928,69.14153,3.57,-62.7346,0.78562198
100.5257,100.1213,3.641161,51076.53,4.9,96.31206,4.26,5.636743,70.08316,3.77,-62.9743,0.78562198
100.8131,99.38956,4.686677,50707.41,5.0,94.44113,4.2,6.934813,71.01159,3.87,-69.7305,0.78562198
100.9328,99.1521,4.347826,50082.75,5.0,95.59636,4.46,6.894198,69.05574,4.13,-72.4398,0.567928238
100.8363,99.54565,3.455497,49690.68,5.0,96.64394,4.54,4.517454,71.1132,4.31,-68.9055,0.567928238
100.6205,100.1329,3.415659,46994.4,4.9,97.12341,4.47,5.37931,72.95638,4.45,-69.4548,0.567928238
100.4447,100.3978,3.985317,46895.14,4.7,97.27379,4.42,5.403557,74.89481,4.56,-72.364,1.34866612
100.3655,100.3483,3.597497,47008.06,4.8,97.32077,4.57,4.421769,75.36825,4.72,-67.061,1.34866612
100.3333,100.2146,3.362649,46847.8,4.7,97.53082,4.72,4.096709,76.55873,4.88,-67.46,1.34866612
100.3164,99.95849,3.545735,47087.83,4.7,97.81541,4.99,5.080214,78.15821,5.03,-68.09,0.245583731
100.1761,99.67147,4.166667,46664.21,4.6,97.84347,5.11,6.091031,78.19043,5.15,-70.403,0.245583731
100.0426,99.65033,4.318766,47610.0,4.6,98.17802,5.11,6.617647,74.79095,5.35,-68.847,0.245583731
99.98422,99.68713,4.145343,47240.75,4.7,98.11626,5.09,5.562914,75.96101,5.46,-71.904,0.150456188
99.89486,99.78715,3.818737,46481.28,4.7,98.54271,4.88,5.270092,77.68768,5.38,-73.123,0.150456188
99.70898,100.108,2.062374,46525.15,4.5,98.35447,4.72,1.686122,78.53902,5.34,-70.403,0.150456188
99.51349,100.5354,1.305221,46007.81,4.4,98.2599,4.73,-0.4469987,81.02309,5.33,-65.147,0.843711696
99.37503,100.7705,1.973684,46071.48,4.5,98.23175,4.6,2.423052,82.98521,5.32,-64.84,0.843711696
99.35632,100.888,2.54065,45614.74,4.4,99.23818,4.56,2.683246,85.11807,5.32,-68.328,0.843711696
99.34087,100.9205,2.075643,45405.38,4.6,98.88618,4.76,1.492537,85.53719,5.32,-65.153,0.293598861
99.455,100.6935,2.415199,45731.09,4.5,99.84811,4.72,2.736156,87.57293,5.31,-66.166,0.293598861
99.59041,100.4169,2.778779,45909.16,4.4,100.0214,4.56,3.290323,85.42087,5.3,-68.929,0.293598861
99.78294,100.2398,2.573697,45682.56,4.5,100.7005,4.69,3.180662,89.44112,5.31,-67.082,0.63843453
99.89788,100.1784,2.690864,45485.28,4.4,100.7426,4.75,3.343848,92.02119,5.31,-66.72,0.63843453
99.90807,100.137,2.687038,45499.18,4.6,100.7608,5.1,2.633229,92.69252,5.33,-67.793,0.63843453
99.77885,100.1135,2.358231,45716.84,4.7,100.6064,5.0,3.450439,93.54096,5.32,-67.906,0.602306657
99.59235,99.8803,1.970083,45995.86,4.6,100.7996,4.67,2.002503,88.41669,5.49,-65.892,0.602306657
99.43029,99.6207,2.755052,46430.8,4.7,101.0498,4.52,4.40051,91.48969,5.46,-66.818,0.602306657
99.3139,99.32103,3.536175,46423.34,4.7,100.7472,4.53,5.516356,95.14953,5.08,-67.359,0.609644003
99.20927,99.0302,4.306203,46836.82,4.7,101.3145,4.15,7.41688,91.09004,4.97,-70.804,0.609644003
99.12122,98.8591,4.081269,46820.08,5.0,101.3676,4.1,6.373487,91.88258,5.02,-68.143,0.609644003
99.10838,98.69463,4.280294,47375.22,5.0,101.2483,3.74,7.736573,85.92138,3.84,-70.971,-0.407429474
99.01269,98.29879,4.026556,47873.97,4.9,100.8786,3.74,7.545973,84.64895,3.06,-71.984,-0.407429474
98.98766,97.82158,3.981456,48509.77,5.1,100.5499,3.51,8.307308,82.16946,2.79,-69.15,-0.407429474
99.05621,97.28365,3.93689,48154.4,5.0,99.86288,3.68,8.076448,85.92222,2.85,-72.393,0.572295345
99.20305,96.89744,4.175543,48721.38,5.4,99.25781,3.88,9.523809,88.26169,2.66,-72.939,0.572295345
99.30597,96.77599,5.02179,48756.94,5.6,98.99324,4.1,11.17899,84.26327,2.76,-71.179,0.572295345
99.21319,96.9828,5.600123,48508.12,5.8,98.55341,4.01,12.55306,78.95065,2.79,-76.025,-0.526892902
98.77482,97.24483,5.371855,48339.78,6.1,96.99058,3.89,12.02454,78.31818,2.79,-70.042,-0.526892902
97.89084,97.32227,4.936927,48191.87,6.1,92.7422,3.69,11.72877,74.07194,3.59,-68.661,-0.526892902
96.92706,96.96288,3.655186,48608.18,6.5,93.67062,3.81,7.477204,57.41563,4.32,-69.061,-2.183097148
96.16514,96.70159,1.069575,51046.7,6.8,92.45463,3.53,0.8333333,51.77961,2.36,-52.553,-2.183097148
95.73562,96.69398,0.0914129,52396.18,7.3,89.83678,2.42,-1.677651,51.73662,1.77,-51.242,-2.183097148
95.77496,96.70132,0.0298465,51968.94,7.8,87.6095,2.52,-2.255193,51.37847,1.02,-46.701,-1.165722531
96.00356,96.67481,0.2361911,51512.68,8.3,87.07432,2.87,-3.360849,47.38305,1.16,-36.904,-1.165722531
96.4035,96.88042,-0.3835562,51903.95,8.7,85.7244,2.82,-6.055363,44.39098,1.07,-38.385,-1.165722531
97.01225,97.33671,-0.7368857,51930.03,9.0,85.03934,2.93,-6.332002,50.01416,0.89,-39.484,-0.169238139
97.67963,97.72932,-1.281436,54820.74,9.4,84.20995,3.29,-7.580825,54.52264,0.57,-35.367,-0.169238139
98.35528,97.89187,-1.426776,54537.23,9.5,83.9534,3.72,-7.472528,56.05994,0.39,-36.419,-0.169238139
99.04863,97.84583,-2.097161,55433.81,9.5,84.95617,3.56,-9.967672,56.34072,0.35,-42.079,0.361929991
99.62383,97.89031,-1.484349,83099.11,9.6,85.90511,3.59,-7.228916,61.60015,0.3,-41.003,0.361929991
99.95779,98.0714,-1.286206,86946.63,9.8,86.64024,3.4,-7.81848,63.97417,0.25,-44.594,0.361929991
100.194,98.10157,-0.1828483,86924.51,10.0,86.83869,3.39,-4.468326,65.43233,0.24,-44.48,1.06796195
100.319,98.11586,1.838296,86149.35,9.9,87.18801,3.4,0.7674144,66.3718,0.21,-48.84,1.06796195
100.5534,98.29315,2.721331,85518.87,9.9,87.47637,3.59,4.082876,67.1647,0.22,-49.327,1.06796195
100.891,98.45749,2.625709,85667.63,9.8,88.41243,3.73,5.100182,67.98261,0.2,-48.506,0.500053481
101.1329,98.51351,2.143332,86310.95,9.8,88.71586,3.69,5.064064,65.13094,0.19,-50.965,0.500053481
101.3348,98.51036,2.313959,85872.65,9.9,89.35493,3.73,6.752609,68.83686,0.23,-50.452,0.500053481
101.273,98.4896,2.236447,85546.46,9.9,89.66936,3.85,6.699147,71.22054,0.3,-51.309,0.967704639
100.9826,98.4883,2.020986,85887.95,9.6,90.90141,3.42,6.212304,65.55708,0.45,-52.611,0.967704639
100.6393,98.39168,1.053349,85880.54,9.4,91.09738,3.2,3.800475,63.38498,0.52,-57.708,0.967704639
100.4472,98.10251,1.235193,86916.54,9.4,91.44681,3.01,4.548175,63.66211,0.41,-52.418,0.77314415
100.4218,97.92614,1.148105,86960.66,9.5,91.78156,2.7,3.482881,64.83236,0.32,-57.1,0.77314415
100.5369,97.8745,1.143683,87586.39,9.5,92.04573,2.65,4.092527,66.91848,0.28,-56.101,0.77314415
100.7729,97.97456,1.172188,88266.63,9.4,91.79523,2.54,4.973357,70.07586,0.27,-52.572,0.519595159
101.0236,98.23596,1.143161,87303.52,9.8,91.86819,2.76,4.393673,71.24583,0.27,-51.372,0.519595159
101.2192,98.49078,1.495723,87976.63,9.3,92.76807,3.29,4.859485,73.43909,0.3,-54.251,0.519595159
101.3667,98.60078,1.631847,87838.12,9.1,92.57903,3.39,4.621606,75.83663,0.29,-61.361,-0.240916068
101.4213,98.55094,2.107585,87734.64,9.0,92.18114,3.58,6.445993,78.38196,0.28,-58.523,-0.240916068
101.3185,98.30349,2.681603,90056.46,9.0,93.16151,3.41,7.705578,77.49942,0.28,-58.639,-0.240916068
101.0537,98.24416,3.163631,90553.37,9.1,92.83488,3.46,8.561644,79.34373,0.23,-56.667,0.678050751
100.6282,98.22821,3.568646,94052.21,9.0,92.95879,3.17,8.972175,78.79452,0.21,-61.733,0.678050751
100.3586,97.9161,3.558828,94515.24,9.1,93.22564,3.0,9.324943,75.94405,0.22,-64.075,0.678050751
100.0704,97.33006,3.628716,95870.72,9.0,93.66814,3.0,9.730968,77.6741,0.24,-60.718,-0.038767163
99.88278,96.82985,3.771208,95902.89,9.0,94.26667,2.3,8.78494,68.76672,0.29,-60.607,-0.038767163
99.75729,96.76161,3.868357,97167.05,9.0,94.19847,1.98,9.116809,66.55733,0.33,-58.309,-0.038767163
99.66314,96.99694,3.5252,97212.23,8.8,94.85697,2.15,7.275804,67.9489,0.37,-59.417,1.121678183
99.68025,97.44565,3.394378,97442.6,8.6,94.85588,2.01,6.958474,68.64421,0.41,-61.482,1.121678183
99.80215,98.00069,2.962419,98330.56,8.5,95.354,1.98,5.862647,69.36818,0.49,-63.916,1.121678183
99.94128,98.47388,2.925217,98276.51,8.3,95.93408,1.97,5.521811,72.31305,0.4,-65.813,0.817922845
100.0535,98.73768,2.871099,97737.65,8.3,96.24821,1.97,4.800873,75.6142,0.3,-59.065,0.817922845
100.1111,98.86481,2.651398,98260.94,8.2,95.74862,2.17,3.73732,76.48755,0.29,-65.56,0.817922845
100.08,98.90044,2.30274,100360.0,8.2,96.44479,2.05,2.365931,75.34689,0.29,-63.647,0.455859987
99.88496,98.84321,1.704254,100411.0,8.2,96.63422,1.8,0.8858781,72.17181,0.29,-62.772,0.455859987
99.59692,98.63365,1.663994,100609.0,8.2,96.64472,1.62,0.3139717,70.76199,0.32,-58.941,0.455859987
99.42687,98.55981,1.408451,100871.0,8.2,96.83931,1.53,-0.2608242,72.79951,0.3,-59.226,0.174882978
99.40881,98.73392,1.692379,101438.0,8.1,96.45658,1.68,1.468275,75.0352,0.26,-60.532,0.174882978
99.41283,99.05812,1.991282,101252.0,7.8,96.38937,1.72,2.036554,77.42225,0.24,-56.649,0.174882978
99.32021,99.2906,2.162344,100799.0,7.8,96.69092,1.75,2.576236,77.60919,0.23,-59.019,0.109838067
99.26566,99.20206,1.764134,100522.0,7.7,97.079,1.65,1.049318,76.13493,0.23,-63.902,0.109838067
99.43885,98.85976,1.741022,99680.2,7.9,97.34109,1.72,1.160338,78.39357,0.24,-55.473,0.109838067
99.75793,98.72816,1.594865,100537.0,8.0,97.34555,1.91,0.7849293,81.92726,0.23,-59.94,0.867789548
99.92047,98.83372,1.977924,100117.0,7.7,97.81184,1.98,1.613743,83.34364,0.22,-60.295,0.867789548
99.77891,99.00471,1.473896,99417.5,7.5,98.21381,1.96,0.1029336,84.68098,0.21,-55.348,0.867789548
99.55894,99.22217,1.063085,99110.11,7.6,98.10179,1.76,-0.3595275,85.15526,0.2,-56.916,0.13938522
99.53059,99.56902,1.361965,97892.43,7.5,98.1919,1.93,0.2066116,88.4166,0.2,-61.199,0.13938522
99.75758,99.74834,1.754417,98666.29,7.5,98.37598,2.3,1.147627,86.20319,0.19,-54.649,0.13938522
100.0809,99.70969,1.960682,99248.84,7.3,98.06214,2.58,1.464435,88.49967,0.14,-57.18,0.791653411
100.3625,99.42173,1.518368,98056.6,7.2,98.63718,2.74,0.5684754,88.94305,0.12,-57.843,0.791653411
100.4976,99.03101,1.184925,98264.9,7.2,99.16573,2.81,-0.5629478,90.11507,0.11,-60.421,0.791653411
100.537,98.78944,0.9636127,97493.62,7.2,99.04796,2.62,-0.7175807,92.16814,0.12,-57.077,0.711171002
100.5069,98.89247,1.237072,96483.16,6.9,99.29161,2.72,0.05192108,94.64922,0.12,-53.614,0.711171002
100.3693,99.2039,1.501736,95862.53,6.7,99.50137,2.9,0.729927,95.09109,0.14,-55.447,0.711171002
100.1869,99.38117,1.578947,96086.84,6.6,99.12598,2.86,0.8307373,95.98233,0.12,-59.798,-0.350109737
100.2379,99.45305,1.126349,95854.95,6.7,99.87865,2.71,0.85238665,95.36447,0.13,-60.553,-0.350109737
100.3475,99.48612,1.512203,95358.94,6.7,100.8882,2.72,0.874036,97.53705,0.12,-61.468,-0.350109737
100.4413,99.56101,1.952858,95128.64,6.2,100.9534,2.71,1.804124,98.45526,0.12,-64.809,1.284128907
100.5032,99.54704,2.127111,95832.09,6.3,101.3666,2.56,1.649485,99.72694,0.11,-62.103,1.284128907
100.5489,99.51995,2.072341,95921.28,6.1,101.7029,2.6,1.701908,102.1338,0.11,-61.171,1.284128907
100.6533,99.51156,1.992329,95271.52,6.2,101.9187,2.54,1.752577,102.8774,0.13,-59.817,1.164961644
100.7931,99.6089,1.699611,94952.21,6.1,101.76,2.42,1.438849,101.5284,0.13,-58.501,1.164961644
100.8095,99.8185,1.657919,94147.8,5.9,102.0786,2.53,1.28667,102.3879,0.12,-61.812,1.164961644
100.8285,100.1132,1.66434,93872.13,5.7,102.0901,2.3,0.5678885,98.07211,0.12,-61.327,0.448993402
100.7295,100.4747,1.322355,92881.63,5.8,102.7354,2.33,-0.77713225,102.2602,0.13,-59.917,0.448993402
100.4618,100.8756,0.7564933,91322.48,5.6,102.7297,2.21,-2.122153,101.3765,0.15,-63.917,0.448993402
100.1888,101.1457,-0.08934832,91122.82,5.7,101.9262,1.88,-4.737384,100.0791,0.16,-62.786,0.813313626
99.97308,101.1481,-0.0251298,91122.82,5.5,101.2595,1.98,-5.020492,102.7756,0.15,-57.431,0.813313626
99.82514,101.0494,-0.07363739,91122.82,5.4,100.935,2.04,-5.09684,102.2537,0.14,-70.193,0.813313626
99.78498,100.9935,-0.1995174,91122.82,5.4,100.3601,1.94,-5.974684,103.8488,0.13,-61.293,0.580001432
99.84579,100.9113,-0.03993275,91122.82,5.6,99.90313,2.2,-4.563895,104.4068,0.15,-60.364,0.580001432
99.83737,100.9257,0.1237712,91122.82,5.3,99.60089,2.36,-4.208925,103.1632,0.18,-63.231,0.580001432
99.70132,100.8085,0.1695698,91122.82,5.2,100.2225,2.32,-4.508612,101.6938,0.19,-60.581,0.323372673
99.49956,100.6148,0.1950793,91122.82,5.1,100.0629,2.17,-5.26849,98.64014,0.26,-64.186,0.323372673
99.2814,100.4403,-0.03612975,91122.82,5.0,99.77198,2.17,-6.351626,93.22412,0.27,-61.548,0.323372673
99.08378,100.4702,0.1705744,91122.82,5.0,99.31243,2.07,-5.698152,96.70031,0.25,-61.574,0.146234347
98.92522,100.5893,0.5017976,91122.82,5.1,98.57007,2.26,-5.085625,97.66068,0.3,-60.636,0.146234347
98.86913,100.6885,0.7295198,91122.82,5.0,98.07523,2.24,-4.389212,95.55367,0.54,-61.259,0.146234347
98.95823,100.7019,1.373087,91122.82,4.8,98.58752,2.09,-2.864865,89.20781,0.57,-61.647,0.589179869
99.18108,100.6637,1.0178,91122.82,4.9,98.05005,1.78,-3.613808,88.24099,0.54,-64.397,0.589179869
99.42775,100.623,0.8525362,91122.82,5.0,97.33346,1.89,-3.705693,94.19507,0.55,-56.641,0.589179869
99.55824,100.6455,1.12511,91122.82,5.1,97.60725,1.81,-2.800215,96.83752,0.55,-57.52,0.302388807
99.67117,100.7706,1.019323,91122.82,4.8,97.39403,1.81,-3.347503,96.83658,0.57,-59.935,0.302388807
99.74925,100.7481,0.9973265,91122.82,4.9,97.86557,1.64,-2.805717,97.52459,0.55,-63.899,0.302388807
99.6583,100.5982,0.8271388,91122.82,4.8,97.97313,1.5,-2.70557,99.99921,0.62,-61.688,0.601115379
99.49499,100.4899,1.062875,91122.82,4.9,97.89323,1.56,-2.406417,101.048,0.73,-60.822,0.601115379
99.54325,100.4703,1.463784,91122.82,5.0,97.79826,1.63,-0.7053717,100.2302,0.75,-59.224,0.601115379
99.72069,100.5489,1.635988,91122.82,4.9,97.87023,1.76,-0.2706738,99.05186,0.72,-61.831,0.496888796
100.0008,100.8853,1.692537,91122.82,4.7,97.48661,2.14,0.1640241,99.85423,0.71,-65.488,0.496888796
100.3251,101.2302,2.074622,91122.82,4.7,98.16682,2.49,1.714602,103.8437,0.87,-63.486,0.496888796
100.6144,101.3816,2.500042,91122.82,4.7,97.93615,2.43,3.28325,105.0235,0.9,-66.159,0.429663114
100.7807,101.3691,2.737958,91122.82,4.6,97.57285,2.42,4.196978,106.9744,0.87,-63.274,0.429663114
100.729,101.3378,2.380612,91122.82,4.4,98.20142,2.48,4.127161,107.798,0.98,-64.484,0.429663114
100.5718,101.2973,2.19969,91122.82,4.4,99.13509,2.3,3.933518,107.2743,1.03,-67.112,0.503792981
100.569,101.2246,1.874878,91122.82,4.4,99.25444,2.3,2.968664,108.3879,1.05,-65.88,0.503792981
100.7473,101.1165,1.633488,91122.82,4.3,99.44744,2.19,2.178649,109.9261,1.16,-65.118,0.503792981
100.9253,101.0746,1.727978,91122.82,4.3,99.22084,2.32,2.126499,111.1847,1.22,-64.21,0.827488715
101.1852,101.1731,1.938974,91122.82,4.4,98.7941,2.21,3.232877,110.9526,1.25,-64.097,0.827488715
101.3584,101.2965,2.232964,91122.82,4.3,98.89758,2.2,3.606557,112.8619,1.25,-64.317,0.827488715
101.3259,101.4494,2.041129,91122.82,4.2,100.1163,2.36,3.538378,115.6323,1.26,-66.443,1.005660086
101.2933,101.4289,2.202583,91122.82,4.2,100.3757,2.35,4.366812,115.9486,1.32,-70.493,1.005660086
101.3526,101.3446,2.109082,91122.82,4.1,100.5715,2.4,4.023926,119.0448,1.54,-71.826,1.005660086
101.4029,101.3745,2.070508,91122.82,4.0,100.5087,2.58,3.771552,124.2432,1.63,-73.161,0.692653861
101.427,101.5374,2.211795,91122.82,4.1,100.8772,2.86,3.920516,119.4891,1.78,-74.022,0.692653861
101.3071,101.6386,2.359711,91122.82,4.0,101.3515,2.84,3.910016,118.0817,2.08,-68.869,0.692653861
101.181,101.5877,2.462744,91122.82,4.0,102.4445,2.87,4.104477,117.4013,2.2,-68.781,0.697342921
101.2262,101.5018,2.801012,91122.82,3.8,101.4972,2.98,5.552589,118.3035,2.16,-65.522,0.697342921
101.3382,101.4438,2.871548,91122.82,4.0,102.2915,2.91,5.75693,118.5999,2.19,-68.51,0.697342921
101.3985,101.4124,2.949515,91122.82,3.8,102.4313,2.89,5.979712,119.5296,2.17,-74.445,0.722035914
101.4987,101.4236,2.69918,91122.82,3.8,103.172,2.89,5.414013,121.2815,2.19,-74.518,0.722035914
101.4102,101.5069,2.276972,91122.82,3.7,103.2091,3.0,4.905063,122.2612,2.24,-75.754,0.722035914
101.2005,101.4891,2.52247,91122.82,3.8,103.0323,3.15,5.362776,117.4184,2.37,-75.873,0.181783198
100.9855,101.38,2.176601,91122.82,3.8,103.0927,3.12,3.76569,115.5294,2.56,-73.056,0.181783198
100.6694,101.2098,1.910159,91122.82,3.9,103.0867,2.83,2.038683,108.7552,2.69,-79.529,0.181783198
100.5174,101.0061,1.551235,91122.82,4.0,102.4705,2.71,0.8826584,111.1662,2.59,-71.534,0.54271061
100.3517,101.0601,1.520135,91122.82,3.8,101.9315,2.68,0.9819121,117.2234,2.49,-71.005,0.54271061
100.2192,101.2776,1.862523,91122.82,3.8,101.9309,2.57,1.752577,118.283,2.48,-72.598,0.54271061
99.99658,101.4371,1.99644,91122.82,3.6,101.3554,2.53,1.996928,121.0378,2.47,-72.861,0.67300894
99.79214,101.5248,1.790228,91122.82,3.7,101.525,2.4,0.7081437,118.6425,2.44,-75.399,0.67300894
99.60789,101.4312,1.648485,91122.82,3.6,101.5945,2.07,-0.7056451,120.1735,2.3,-73.463,0.67300894
99.3873,101.1999,1.811465,91122.82,3.7,101.1329,2.06,-0.5037783,123.43,2.22,-72.288,0.889966473
99.1099,100.9045,1.74978,91122.82,3.7,101.8781,1.63,-1.107754,118.284,2.06,-72.674,0.889966473
98.89985,100.9045,1.711305,91122.82,3.5,101.6364,1.7,-1.508296,121.7589,2.03,-70.518,0.889966473
98.83281,101.1068,1.764043,91122.82,3.6,100.7152,1.71,-1.896208,121.3509,1.88,-66.08,0.443046894
98.85473,101.3748,2.051278,91122.82,3.6,101.2562,1.81,-0.9576613,125.887,1.77,-64.139,0.443046894
98.96088,101.6021,2.28513,91122.82,3.6,100.9945,1.86,0.6147541,128.5203,1.76,-68.359,0.443046894
99.12915,101.6004,2.486572,91122.82,3.5,100.4917,1.76,1.183736,130.9052,1.65,-66.497,-1.175154201
99.01226,101.1735,2.334874,91122.82,3.5,100.7457,1.5,-0.1535312,128.6936,1.59,-61.316,-1.175154201
98.59846,100.1782,1.539327,91122.82,4.4,96.81453,0.87,-2.583587,100.458,1.35,-66.52,-1.175154201
98.14922,99.09564,0.3290967,91122.82,14.7,83.85933,0.66,-6.576305,101.8041,0.76,-73.751,-8.484336154
